Timestamp,gas,humidity,temp,tdsValue,water_temp,ph,heater,fan,O2,filtering,pump1,pump2,feed,led
2025-08-25 12:31:34,287.5,31.5,22.1,336.2,27.9,7.3,ON,ON,OFF,ON,OFF,OFF,OFF,OFF
2025-08-25 12:31:32,291.5,33.1,22.2,332.8,27.8,7.3,ON,ON,ON,ON,OFF,OFF,OFF,OFF
2025-08-25 12:31:30,288.1,32,21.9,324.3,27.8,7.3,OFF,ON,ON,ON,OFF,OFF,OFF,OFF
2025-08-25 12:31:28,282.2,30,21.9,328,27.8,7.3,OFF,ON,OFF,ON,OFF,OFF,OFF,OFF
2025-08-25 12:31:26,277.9,28.3,22.3,335.5,28,7.3,OFF,ON,OFF,OFF,OFF,OFF,OFF,OFF
2025-08-25 12:31:24,274,28.1,22.6,330.6,28.2,7.3,ON,OFF,ON,OFF,OFF,OFF,OFF,OFF
2025-08-25 12:31:22,267.2,28.5,22.5,338.4,28.3,7.3,ON,OFF,ON,OFF,OFF,OFF,OFF,OFF
2025-08-25 12:31:20,270,27.5,22.8,329,28.2,7.2,OFF,OFF,OFF,ON,OFF,OFF,OFF,OFF
2025-08-25 12:31:18,275.8,26,23,319.4,28.2,7.3,ON,OFF,OFF,ON,OFF,OFF,OFF,OFF
2025-08-25 12:31:16,268.9,25.9,22.9,324.7,28.4,7.3,OFF,OFF,OFF,ON,OFF,OFF,OFF,OFF
2025-08-25 12:31:14,261.2,25.8,22.7,315.9,28.7,7.3,OFF,OFF,ON,ON,OFF,OFF,OFF,OFF
2025-08-25 12:31:12,269.1,26.8,23.1,320.9,28.7,7.3,OFF,ON,ON,ON,OFF,OFF,OFF,OFF
2025-08-25 12:31:10,272.6,26,23.3,325.2,28.6,7.3,OFF,ON,ON,ON,OFF,OFF,OFF,OFF
2025-08-25 12:31:09,268.5,27.2,23.2,315.7,28.6,7.3,OFF,ON,ON,OFF,OFF,OFF,OFF,OFF
2025-08-25 12:31:06,274.3,27.3,23.3,308.6,28.6,7.3,ON,OFF,ON,OFF,OFF,OFF,OFF,OFF
2025-08-25 12:31:04,268.5,27.2,23.3,299.2,28.4,7.3,ON,ON,ON,ON,OFF,OFF,OFF,OFF
2025-08-25 12:31:02,267.9,29,23.5,293.7,28.4,7.3,OFF,OFF,OFF,OFF,OFF,OFF,OFF,OFF
2025-08-25 12:31:02,122,53.1,26,64,26.5,7,OFF,OFF,OFF,OFF,OFF,OFF,OFF,OFF
2025-08-25 12:31:02,267.9,29,23.5,293.7,28.4,7.3,ON,ON,ON,OFF,OFF,OFF,OFF,OFF
2025-08-25 12:31:02,122,53.1,26,64,26.5,7,ON,ON,ON,OFF,OFF,OFF,OFF,OFF
2025-08-25 12:27:09,252.3,36.7,22.5,209.6,28.4,7.3,OFF,ON,OFF,OFF,OFF,OFF,OFF,OFF
2025-08-25 12:26:57,243.9,38.6,21.3,217.8,28.3,7.2,ON,ON,OFF,OFF,OFF,OFF,OFF,OFF
2025-08-25 12:26:55,241.8,39.2,20.9,224.6,28.4,7.3,OFF,ON,OFF,OFF,OFF,OFF,OFF,OFF
2025-08-25 12:26:53,242.2,41,21,222.1,28.1,7.3,ON,OFF,ON,OFF,OFF,OFF,OFF,OFF
2025-08-25 12:26:45,244.3,39.8,21.2,229,28,7.3,ON,OFF,ON,OFF,OFF,OFF,OFF,OFF
2025-08-25 12:26:43,246,40.2,21.6,225.9,27.8,7.3,ON,OFF,ON,OFF,OFF,OFF,OFF,OFF
2025-08-25 12:26:39,246.7,40.4,22.1,219.6,27.5,7.3,OFF,OFF,OFF,OFF,OFF,OFF,OFF,OFF
2025-08-25 12:26:37,247.4,39.4,21.9,229.4,27.3,7.3,OFF,OFF,OFF,OFF,OFF,OFF,OFF,OFF
2025-08-25 12:26:35,251.8,40.1,21.5,237.4,27.1,7.3,ON,OFF,OFF,OFF,OFF,OFF,OFF,OFF
2025-08-25 12:26:33,252.5,41.4,21.4,245.6,27.1,7.3,ON,OFF,OFF,ON,OFF,OFF,OFF,OFF
2025-08-25 12:26:31,252.1,42.1,21.8,243.5,27.1,7.3,ON,OFF,OFF,OFF,OFF,OFF,OFF,OFF
2025-08-25 12:26:27,264,40.3,21.8,244.8,26.8,7.3,OFF,ON,OFF,OFF,OFF,OFF,OFF,OFF
2025-08-25 12:26:25,259.1,40.2,22.2,252.5,26.7,7.3,ON,ON,OFF,ON,OFF,OFF,OFF,OFF
2025-08-25 12:26:23,253.2,41.2,22,252.2,27,7.3,ON,ON,OFF,ON,OFF,OFF,OFF,OFF
2025-08-25 12:26:21,255.8,42.8,22,256.7,26.9,7.3,ON,OFF,ON,OFF,OFF,OFF,OFF,OFF
2025-08-25 12:26:19,263.1,43.9,22,250.3,26.9,7.3,ON,OFF,OFF,OFF,OFF,OFF,OFF,OFF
2025-08-25 12:26:17,260.6,45.3,22.3,250.5,26.8,7.3,ON,OFF,OFF,OFF,OFF,OFF,OFF,OFF
2025-08-25 12:26:15,253.7,43.5,22.1,248.7,26.7,7.3,ON,OFF,OFF,OFF,OFF,OFF,OFF,OFF
2025-08-25 12:26:13,252,42.5,22,254.1,26.5,7.3,ON,OFF,OFF,OFF,OFF,OFF,OFF,OFF
2025-08-25 12:26:11,254.3,42,22.3,252.2,26.5,7.3,ON,OFF,ON,OFF,OFF,OFF,OFF,OFF
2025-08-25 12:26:09,250.4,44,22.6,244.2,26.4,7.4,OFF,OFF,OFF,ON,OFF,OFF,OFF,OFF
2025-08-25 12:26:07,254.8,42.4,22.5,235.2,26.6,7.4,ON,OFF,OFF,OFF,OFF,OFF,OFF,OFF
2025-08-25 12:26:05,261,43.7,22.7,235.1,26.7,7.4,OFF,ON,OFF,OFF,OFF,OFF,OFF,OFF
2025-08-25 12:26:03,257.1,43.9,22.7,227.3,26.5,7.4,OFF,ON,OFF,OFF,OFF,OFF,OFF,OFF
2025-08-25 12:26:01,255.5,44,23,220.7,26.2,7.3,OFF,ON,ON,OFF,OFF,OFF,OFF,OFF
2025-08-25 12:25:59,256.8,45.2,22.7,218.8,26.1,7.3,OFF,ON,ON,OFF,OFF,OFF,OFF,OFF
2025-08-25 12:25:57,250.2,46.8,22.5,210.9,25.8,7.3,ON,ON,ON,ON,OFF,OFF,OFF,OFF
2025-08-25 12:25:55,243.6,45,22.4,215.3,25.9,7.3,ON,ON,OFF,OFF,OFF,OFF,OFF,OFF
2025-08-25 12:25:53,237.1,44.7,22.7,212.6,25.8,7.3,OFF,ON,OFF,OFF,OFF,OFF,OFF,OFF
2025-08-25 12:25:51,233.9,43.3,22.5,206.3,25.9,7.3,OFF,OFF,OFF,ON,OFF,OFF,OFF,OFF
2025-08-25 12:25:49,234.6,44.8,22.7,200.4,26.1,7.2,OFF,OFF,OFF,ON,OFF,OFF,OFF,OFF
2025-08-25 12:25:47,228.8,43,22.4,190.9,26.2,7.2,OFF,OFF,OFF,OFF,OFF,OFF,OFF,OFF
2025-08-25 12:25:45,233.6,42.9,22.7,187.3,26.2,7.2,OFF,OFF,OFF,OFF,OFF,OFF,OFF,OFF
2025-08-25 12:25:43,234.4,43.9,22.6,187.5,25.9,7.2,ON,OFF,OFF,OFF,OFF,OFF,OFF,OFF
2025-08-25 12:25:41,240.8,42.8,22.3,188.4,25.7,7.2,OFF,OFF,OFF,OFF,OFF,OFF,OFF,OFF
2025-08-25 12:25:39,232.9,44.5,22,186.4,25.9,7.2,ON,OFF,OFF,ON,OFF,OFF,OFF,OFF
2025-08-25 12:25:37,226.6,46.4,22.2,188.6,26,7.2,ON,OFF,OFF,ON,OFF,OFF,OFF,OFF
2025-08-25 12:25:35,230.1,47.8,22,184.2,26.3,7.2,ON,OFF,ON,ON,OFF,OFF,OFF,OFF
2025-08-25 12:25:33,228.7,47.2,21.6,177.4,26.5,7.2,OFF,OFF,OFF,ON,OFF,OFF,OFF,OFF
2025-08-25 12:25:31,234.8,48.2,21.7,175.3,26.6,7.2,ON,OFF,OFF,ON,OFF,OFF,OFF,OFF
2025-08-25 12:25:29,238.4,49.8,21.5,171.8,26.6,7.2,OFF,OFF,ON,OFF,OFF,OFF,OFF,OFF
2025-08-25 12:25:27,244.9,48.5,21.6,167.1,26.5,7.2,ON,OFF,ON,OFF,OFF,OFF,OFF,OFF
2025-08-25 12:25:25,242.4,48.3,21.3,168.7,26.4,7.2,ON,OFF,ON,OFF,OFF,OFF,OFF,OFF
2025-08-25 12:25:23,246,49.4,21,159.3,26.5,7.2,ON,OFF,ON,ON,OFF,OFF,OFF,OFF
2025-08-25 12:25:21,245.4,49.7,20.8,166.7,26.3,7.2,ON,ON,ON,ON,OFF,OFF,OFF,OFF
2025-08-25 12:25:19,248.2,49.2,20.8,171.4,26.5,7.2,OFF,ON,ON,OFF,OFF,OFF,OFF,OFF
2025-08-25 12:25:17,250.9,49.5,21.1,173.1,26.2,7.2,OFF,OFF,OFF,ON,OFF,OFF,OFF,OFF
2025-08-25 12:25:15,243.7,51.3,20.8,171.5,25.9,7.2,OFF,OFF,ON,ON,OFF,OFF,OFF,OFF
2025-08-25 12:25:13,247.5,49.4,20.5,179.9,25.7,7.1,OFF,OFF,ON,OFF,OFF,OFF,OFF,OFF
2025-08-25 12:25:11,241.6,47.8,20.4,188.9,25.9,7.1,ON,ON,OFF,ON,OFF,OFF,OFF,OFF
2025-08-25 12:25:09,247,48.1,20.5,179.5,26.2,7,OFF,OFF,OFF,OFF,OFF,OFF,OFF,OFF
2025-08-25 12:25:07,250.7,48,20.3,169.9,26.3,7,ON,OFF,OFF,ON,OFF,OFF,OFF,OFF
2025-08-25 12:25:05,243.8,48,20,165.5,26.3,7,ON,ON,ON,ON,OFF,OFF,OFF,OFF
2025-08-25 12:25:03,242.8,46.7,19.7,157.6,26.4,7.1,ON,OFF,OFF,ON,OFF,OFF,OFF,OFF
2025-08-25 12:25:01,237.5,47.3,19.3,164.8,26.5,7,OFF,OFF,OFF,OFF,OFF,OFF,OFF,OFF
2025-08-25 12:25:01,237.5,47.3,19.3,164.8,26.5,7,ON,OFF,OFF,OFF,OFF,OFF,OFF,OFF
2025-08-25 12:22:53,227.8,49.7,21.5,295.7,27.4,7.3,OFF,OFF,ON,ON,OFF,OFF,OFF,OFF
2025-08-25 12:22:51,224.1,48.7,21.4,302,27.3,7.3,OFF,ON,ON,ON,OFF,OFF,OFF,OFF
2025-08-25 12:22:49,224.2,48.3,21.2,296.1,27.6,7.3,ON,OFF,ON,ON,OFF,OFF,OFF,OFF
2025-08-25 12:22:47,231.4,49.2,21.5,303.4,27.5,7.3,ON,ON,ON,OFF,OFF,OFF,OFF,OFF
2025-08-25 12:22:45,238,49.8,21.7,293.9,27.7,7.4,ON,ON,ON,ON,OFF,OFF,OFF,OFF
2025-08-25 12:22:43,243.8,50.6,21.7,291,27.9,7.4,ON,ON,ON,OFF,OFF,OFF,OFF,OFF
2025-08-25 12:22:41,242.1,51.9,21.3,281.5,27.9,7.4,ON,ON,ON,OFF,OFF,OFF,OFF,OFF
2025-08-25 12:22:39,245.4,53.1,21,278.3,27.6,7.4,OFF,OFF,OFF,OFF,OFF,OFF,OFF,OFF
2025-08-25 12:22:37,253.2,51.6,20.7,284.3,27.4,7.4,OFF,OFF,ON,ON,OFF,OFF,OFF,OFF
2025-08-25 12:22:35,253.5,52,20.7,289.1,27.6,7.4,ON,OFF,OFF,ON,OFF,OFF,OFF,OFF
2025-08-25 12:22:33,255.2,52.3,20.4,288.7,27.9,7.4,ON,OFF,OFF,ON,OFF,OFF,OFF,OFF
2025-08-25 12:22:31,251.7,50.3,20,288.9,28,7.4,ON,OFF,OFF,OFF,OFF,OFF,OFF,OFF
2025-08-25 12:22:29,255.4,49.6,20.4,294,28.2,7.4,ON,OFF,ON,OFF,OFF,OFF,OFF,OFF
2025-08-25 12:22:27,248.1,50.3,20.6,284.7,28.4,7.4,OFF,OFF,ON,OFF,OFF,OFF,OFF,OFF
2025-08-25 12:22:25,248.9,51.4,20.9,286.3,28.3,7.4,OFF,OFF,OFF,OFF,OFF,OFF,OFF,OFF
2025-08-25 12:22:25,122,53.1,26,64,26.5,7,OFF,OFF,OFF,OFF,OFF,OFF,OFF,OFF
2025-08-25 12:22:25,248.9,51.4,20.9,286.3,28.3,7.4,OFF,OFF,ON,ON,OFF,OFF,OFF,OFF
2025-08-25 12:22:25,122,53.1,26,64,26.5,7,OFF,OFF,ON,ON,OFF,OFF,OFF,OFF
2025-08-25 10:44:35,84.1,83.7,19.1,283.8,26.6,7.1,OFF,ON,ON,ON,OFF,OFF,OFF,OFF
2025-08-25 10:44:33,83.9,83,19.1,279.9,26.4,7.1,OFF,ON,ON,ON,OFF,OFF,OFF,OFF
2025-08-25 10:44:31,76.4,83.7,19.4,272.5,26.5,7.2,OFF,OFF,OFF,OFF,OFF,OFF,OFF,OFF
2025-08-25 10:44:29,83.5,84.9,19,280.9,26.7,7.2,OFF,OFF,OFF,ON,OFF,OFF,OFF,OFF
2025-08-25 10:44:27,87.1,86.3,19.3,285.6,26.8,7.2,ON,ON,OFF,ON,OFF,OFF,OFF,OFF
2025-08-25 10:44:25,93.6,87.6,19.5,276.9,26.8,7.2,OFF,ON,OFF,ON,OFF,OFF,OFF,OFF
2025-08-25 10:44:23,94.3,85.8,19.4,268.6,26.8,7.2,OFF,ON,OFF,ON,OFF,OFF,OFF,OFF
2025-08-25 10:44:21,94.3,85.7,19.1,261.6,26.8,7.2,OFF,OFF,OFF,ON,OFF,OFF,OFF,OFF
2025-08-25 10:44:19,95.4,86.5,19.3,256.6,26.9,7.1,OFF,OFF,ON,ON,OFF,OFF,OFF,OFF
2025-08-25 10:44:17,91.8,86.6,19.2,251.3,26.6,7.1,OFF,ON,OFF,OFF,OFF,OFF,OFF,OFF
2025-08-25 10:44:15,97,85.8,19.1,249.1,26.5,7.2,ON,ON,OFF,OFF,OFF,OFF,OFF,OFF
2025-08-25 10:44:13,99.7,85.7,18.9,255,26.2,7.2,OFF,ON,ON,OFF,OFF,OFF,OFF,OFF
2025-08-25 10:44:11,93.7,85.1,19.1,263.9,26.3,7.2,ON,ON,ON,ON,OFF,OFF,OFF,OFF
2025-08-25 10:44:09,94.1,84.4,19.4,258.8,26.4,7.2,OFF,ON,ON,ON,OFF,OFF,OFF,OFF
2025-08-25 10:44:07,95.9,82.7,19.7,253.8,26.1,7.2,ON,ON,OFF,OFF,OFF,OFF,OFF,OFF
2025-08-25 10:44:05,92.7,81.3,20,261.3,26.4,7.2,ON,ON,ON,ON,OFF,OFF,OFF,OFF
2025-08-25 10:44:03,95.2,80.1,19.9,255.7,26.7,7.2,ON,OFF,OFF,OFF,OFF,OFF,OFF,OFF
2025-08-25 10:44:01,100.9,81.2,20.2,255.4,26.7,7.2,OFF,OFF,OFF,OFF,OFF,OFF,OFF,OFF
2025-08-25 10:43:59,107.9,82.8,20.3,246,26.7,7.2,ON,ON,OFF,OFF,OFF,OFF,OFF,OFF
2025-08-25 10:43:57,106.9,81.8,20.2,239.7,26.7,7.2,OFF,OFF,OFF,OFF,OFF,OFF,OFF,OFF
2025-08-25 10:43:57,122,53.1,26,64,26.5,7,OFF,OFF,OFF,OFF,OFF,OFF,OFF,OFF
2025-08-25 10:43:57,106.9,81.8,20.2,239.7,26.7,7.2,ON,OFF,OFF,OFF,OFF,OFF,OFF,OFF
2025-08-25 10:43:57,122,53.1,26,64,26.5,7,ON,OFF,OFF,OFF,OFF,OFF,OFF,OFF
2025-08-25 10:29:40,139.1,81.5,18.5,213.8,29.4,7.7,OFF,ON,ON,ON,OFF,OFF,OFF,OFF
2025-08-25 10:29:38,138.7,83.3,18.6,211.9,29.5,7.7,ON,ON,OFF,OFF,OFF,OFF,OFF,OFF
2025-08-25 10:29:36,145.1,83.3,18.9,211.8,29.5,7.7,ON,ON,OFF,OFF,OFF,OFF,OFF,OFF
2025-08-25 10:29:34,137.9,85.1,18.9,205,29.3,7.6,ON,ON,ON,OFF,OFF,OFF,OFF,OFF
2025-08-25 10:29:32,136.7,83.6,18.5,207.5,29.3,7.6,OFF,ON,ON,OFF,OFF,OFF,OFF,OFF
2025-08-25 10:29:30,137,82.9,18.6,210.5,29,7.6,OFF,OFF,ON,OFF,OFF,OFF,OFF,OFF
2025-08-25 10:29:28,130.2,84.5,18.2,205.1,29.2,7.6,OFF,OFF,OFF,ON,OFF,OFF,OFF,OFF
2025-08-25 10:29:26,136.9,83.3,18.4,210.4,29.3,7.6,OFF,OFF,OFF,ON,OFF,OFF,OFF,OFF
2025-08-25 10:29:24,143.5,82.9,18.4,202.9,29.5,7.6,OFF,ON,OFF,OFF,OFF,OFF,OFF,OFF
2025-08-25 10:29:22,141.9,83.1,18.6,201.1,29.5,7.6,ON,ON,OFF,ON,OFF,OFF,OFF,OFF
2025-08-25 10:29:20,145.4,85,18.8,206,29.8,7.6,ON,ON,ON,ON,OFF,OFF,OFF,OFF
2025-08-25 10:29:18,148.3,84.4,18.6,207.9,29.8,7.6,ON,ON,ON,ON,OFF,OFF,OFF,OFF
2025-08-25 10:29:16,155.6,84.4,18.2,206,29.6,7.5,ON,ON,OFF,ON,OFF,OFF,OFF,OFF
2025-08-25 10:29:14,161.8,83.6,18.4,196.1,29.8,7.5,ON,ON,ON,ON,OFF,OFF,OFF,OFF
2025-08-25 10:29:12,166.2,84,18.5,188.3,29.9,7.5,ON,ON,OFF,OFF,OFF,OFF,OFF,OFF
2025-08-25 10:29:10,173.5,85,18.5,184.1,29.9,7.5,ON,ON,ON,OFF,OFF,OFF,OFF,OFF
2025-08-25 10:29:08,172.7,83.8,18.2,176.3,29.8,7.4,ON,ON,ON,OFF,OFF,OFF,OFF,OFF
2025-08-25 10:29:06,173.1,85.6,17.9,182.1,29.8,7.4,ON,ON,ON,ON,OFF,OFF,OFF,OFF
2025-08-25 10:29:04,174.6,85,17.9,179.2,29.8,7.4,ON,ON,ON,ON,OFF,OFF,OFF,OFF
2025-08-25 10:29:02,178.7,86.7,17.7,175,29.8,7.4,ON,ON,OFF,ON,OFF,OFF,OFF,OFF
2025-08-25 10:29:00,174.3,87.2,17.3,175.6,29.9,7.4,ON,ON,ON,OFF,OFF,OFF,OFF,OFF
2025-08-25 10:28:58,176.7,85.6,17.3,180.8,29.9,7.5,ON,ON,OFF,ON,OFF,OFF,OFF,OFF
2025-08-25 10:28:56,172,84.2,17.4,179.4,30.1,7.4,ON,ON,ON,ON,OFF,OFF,OFF,OFF
2025-08-25 10:28:54,173.3,84.6,17.4,183.3,30,7.4,ON,OFF,OFF,ON,OFF,OFF,OFF,OFF
2025-08-25 10:28:52,177.5,83.8,17.8,186,30.3,7.4,ON,OFF,OFF,OFF,OFF,OFF,OFF,OFF
2025-08-25 10:28:50,183.8,85.7,17.7,195,30.1,7.4,OFF,OFF,OFF,OFF,OFF,OFF,OFF,OFF
2025-08-25 10:28:48,178.8,86.1,18,187.1,30.3,7.4,OFF,OFF,OFF,OFF,OFF,OFF,OFF,OFF
2025-08-25 10:28:46,182,87.2,17.7,195.1,30,7.3,ON,ON,OFF,OFF,OFF,OFF,OFF,OFF
2025-08-25 10:28:44,179.3,88.5,17.7,199.4,30.3,7.3,ON,ON,ON,ON,OFF,OFF,OFF,OFF
2025-08-25 10:28:42,183.8,88.8,18,202.2,30.1,7.3,OFF,OFF,OFF,OFF,OFF,OFF,OFF,OFF
2025-08-25 10:28:40,188.4,88.6,18.2,202.1,30.4,7.3,ON,OFF,OFF,OFF,OFF,OFF,OFF,OFF
2025-08-25 10:28:38,184.7,87,18.5,204.8,30.3,7.3,ON,OFF,OFF,OFF,OFF,OFF,OFF,OFF
2025-08-25 10:28:36,191.1,88.1,18.4,200.5,30.6,7.3,ON,OFF,ON,ON,OFF,OFF,OFF,OFF
2025-08-25 10:28:34,196.9,86.2,18.7,209.7,30.6,7.3,OFF,OFF,ON,ON,OFF,OFF,OFF,OFF
2025-08-25 10:28:32,200.7,88,18.7,215.2,30.5,7.2,ON,OFF,OFF,OFF,OFF,OFF,OFF,OFF
2025-08-25 10:28:30,207.2,89.5,19,215.6,30.3,7.2,ON,OFF,OFF,ON,OFF,OFF,OFF,OFF
2025-08-25 10:28:28,203.4,88,18.9,224,30.5,7.2,OFF,ON,OFF,OFF,OFF,OFF,OFF,OFF
2025-08-25 10:28:26,206.4,86.4,19.1,218.7,30.4,7.2,OFF,ON,OFF,OFF,OFF,OFF,OFF,OFF
2025-08-25 10:28:24,203.1,86.3,18.9,226.5,30.4,7.3,OFF,OFF,OFF,ON,OFF,OFF,OFF,OFF
2025-08-25 10:28:22,205.9,87.8,19,233.9,30.4,7.2,ON,ON,OFF,ON,OFF,OFF,OFF,OFF
2025-08-25 10:28:21,209.3,86.1,19,235.2,30.3,7.3,OFF,OFF,OFF,OFF,OFF,OFF,OFF,OFF
2025-08-25 10:28:21,209.3,86.1,19,235.2,30.3,7.3,ON,OFF,ON,OFF,OFF,OFF,OFF,OFF
2025-08-25 10:22:38,210.2,89.4,16.8,293.1,29.5,6.6,ON,ON,OFF,ON,OFF,OFF,OFF,OFF
2025-08-25 10:22:36,209.2,90,17.2,289,29.3,6.6,ON,ON,OFF,ON,OFF,OFF,OFF,OFF
2025-08-25 10:22:34,202,90,17,282.9,29.1,6.6,ON,ON,OFF,ON,OFF,OFF,OFF,OFF
2025-08-25 10:22:32,203.4,90,16.6,274.1,28.9,6.6,OFF,OFF,ON,ON,OFF,OFF,OFF,OFF
2025-08-25 10:22:30,208.6,88.8,16.6,269.6,28.9,6.6,OFF,ON,ON,OFF,OFF,OFF,OFF,OFF
2025-08-25 10:22:28,209.6,88.3,16.9,266.9,29.1,6.7,ON,ON,OFF,OFF,OFF,OFF,OFF,OFF
2025-08-25 10:22:26,203.8,88.7,16.5,262.8,29.2,6.6,ON,ON,OFF,ON,OFF,OFF,OFF,OFF
2025-08-25 10:22:24,196.3,89.4,16.8,271.1,29.2,6.6,OFF,ON,ON,ON,OFF,OFF,OFF,OFF
2025-08-25 10:22:22,192,89.4,17,275.9,29.3,6.6,OFF,ON,ON,OFF,OFF,OFF,OFF,OFF
2025-08-25 10:22:20,194.6,90,17,284.8,29.1,6.6,OFF,ON,ON,OFF,OFF,OFF,OFF,OFF
2025-08-25 10:22:18,190.5,88.8,16.8,291.8,28.9,6.6,ON,ON,OFF,OFF,OFF,OFF,OFF,OFF
2025-08-25 10:22:16,187.3,87.9,16.5,294.4,28.6,6.7,ON,OFF,OFF,OFF,OFF,OFF,OFF,OFF
2025-08-25 10:22:14,192.7,86.1,16.9,291.3,28.4,6.7,ON,OFF,OFF,ON,OFF,OFF,OFF,OFF
2025-08-25 10:22:12,192.6,87,16.8,290.8,28.6,6.7,ON,ON,ON,ON,OFF,OFF,OFF,OFF
2025-08-25 10:22:10,196.5,88.7,17.1,288.8,28.6,6.7,ON,ON,OFF,ON,OFF,OFF,OFF,OFF
2025-08-25 10:22:08,195,90,17.5,297.8,28.8,6.7,ON,ON,OFF,ON,OFF,OFF,OFF,OFF
2025-08-25 10:22:06,198.8,90,17.4,304.1,28.7,6.7,ON,ON,OFF,ON,OFF,OFF,OFF,OFF
2025-08-25 10:22:04,204.5,89,17.6,300.8,28.7,6.7,OFF,OFF,OFF,OFF,OFF,OFF,OFF,OFF
2025-08-25 10:22:02,210.1,90,17.9,305.6,28.8,6.6,ON,OFF,OFF,ON,OFF,OFF,OFF,OFF
2025-08-25 10:22:00,216.5,89,17.6,306.8,28.5,6.7,OFF,OFF,OFF,ON,OFF,OFF,OFF,OFF
2025-08-25 10:21:58,221.2,89.9,17.3,309.3,28.7,6.7,OFF,OFF,OFF,OFF,OFF,OFF,OFF,OFF
2025-08-25 10:21:56,218.7,90,17.1,316.6,28.9,6.7,ON,OFF,OFF,ON,OFF,OFF,OFF,OFF
2025-08-25 10:21:54,221.1,90,17.2,309.2,29.1,6.7,OFF,ON,ON,OFF,OFF,OFF,OFF,OFF
2025-08-25 10:21:52,225.2,89,17.4,315.6,29.1,6.6,OFF,ON,ON,ON,OFF,OFF,OFF,OFF
2025-08-25 10:21:50,225.5,87.6,17.1,315.4,29.1,6.6,ON,ON,OFF,ON,OFF,OFF,OFF,OFF
2025-08-25 10:21:48,232.5,86.8,16.7,317.9,29,6.7,ON,OFF,ON,ON,OFF,OFF,OFF,OFF
2025-08-25 10:21:46,233.6,86.2,16.7,326.6,29.1,6.7,OFF,OFF,OFF,OFF,OFF,OFF,OFF,OFF
2025-08-25 10:21:44,240.8,85,16.3,327.9,29.3,6.6,OFF,ON,ON,OFF,OFF,OFF,OFF,OFF
2025-08-25 10:21:42,248.4,86.2,16,331.9,29.5,6.7,OFF,ON,ON,OFF,OFF,OFF,OFF,OFF
2025-08-25 10:21:40,249.3,84.4,15.7,329.9,29.6,6.7,OFF,OFF,OFF,OFF,OFF,OFF,OFF,OFF
2025-08-25 10:21:38,255.4,82.8,15.9,326.9,29.7,6.7,OFF,ON,OFF,OFF,OFF,OFF,OFF,OFF
2025-08-25 10:21:36,248.7,82.5,16.2,328.6,29.5,6.7,OFF,OFF,ON,OFF,OFF,OFF,OFF,OFF
2025-08-25 10:21:34,250,80.6,16.2,320.9,29.5,6.7,ON,OFF,OFF,OFF,OFF,OFF,OFF,OFF
2025-08-25 10:21:32,256.6,78.9,16.6,314.8,29.6,6.7,ON,OFF,OFF,OFF,OFF,OFF,OFF,OFF
2025-08-25 10:21:30,251.9,80.1,16.9,310.3,29.6,6.6,ON,OFF,OFF,OFF,OFF,OFF,OFF,OFF
2025-08-25 10:21:28,255.8,80.8,16.7,315.7,29.6,6.7,ON,ON,OFF,OFF,OFF,OFF,OFF,OFF
2025-08-25 10:21:26,257.8,82.4,17.1,321.6,29.5,6.7,OFF,ON,ON,OFF,OFF,OFF,OFF,OFF
2025-08-25 10:21:24,264.2,82.4,17,313.7,29.7,6.7,ON,ON,ON,OFF,OFF,OFF,OFF,OFF
2025-08-25 10:21:22,267.3,83.2,16.7,316.8,29.9,6.7,ON,OFF,OFF,OFF,OFF,OFF,OFF,OFF
2025-08-25 10:21:20,267.8,82.4,16.5,322.1,29.7,6.7,ON,OFF,OFF,ON,OFF,OFF,OFF,OFF
2025-08-25 10:21:18,262,82.4,16.4,322.4,29.5,6.7,ON,OFF,OFF,ON,OFF,OFF,OFF,OFF
2025-08-25 10:21:16,257.6,82,16.5,319.3,29.5,6.7,ON,OFF,OFF,ON,OFF,OFF,OFF,OFF
2025-08-25 10:21:14,259.3,83.5,16.4,316.5,29.3,6.7,OFF,ON,OFF,ON,OFF,OFF,OFF,OFF
2025-08-25 10:21:12,254,82.9,16.5,324.5,29.3,6.7,OFF,OFF,OFF,OFF,OFF,OFF,OFF,OFF
2025-08-25 10:21:10,261.8,84.7,16.6,322.6,29.1,6.7,ON,ON,OFF,OFF,OFF,OFF,OFF,OFF
2025-08-25 10:21:08,262.9,83.7,16.3,332.3,29,6.7,OFF,ON,OFF,OFF,OFF,OFF,OFF,OFF
2025-08-25 10:21:07,257.7,83.2,16.5,330.6,28.7,6.7,OFF,ON,OFF,ON,OFF,OFF,OFF,OFF
2025-08-25 10:21:07,255.2,82.5,16.7,330.3,28.9,6.7,OFF,ON,OFF,ON,OFF,OFF,OFF,OFF
2025-08-25 10:20:58,249.8,79.8,17.3,314.8,29.3,6.6,OFF,OFF,OFF,OFF,OFF,OFF,OFF,OFF
2025-08-25 10:20:56,257.5,81.5,17.3,315.7,29.5,6.7,ON,ON,OFF,OFF,OFF,OFF,OFF,OFF
2025-08-25 10:20:54,254.3,81.2,17.4,313.5,29.7,6.7,OFF,ON,ON,OFF,OFF,OFF,OFF,OFF
2025-08-25 10:20:52,248.5,81.9,17.7,317.3,30,6.7,ON,OFF,ON,ON,OFF,OFF,OFF,OFF
2025-08-25 10:20:50,253.7,82.7,17.6,311.9,29.9,6.6,OFF,OFF,OFF,OFF,OFF,OFF,OFF,OFF
2025-08-25 10:20:48,258.9,83.1,17.5,308.6,29.9,6.7,OFF,ON,OFF,OFF,OFF,OFF,OFF,OFF
2025-08-25 10:20:46,260.1,82.8,17.6,314.3,29.9,6.7,OFF,ON,ON,OFF,OFF,OFF,OFF,OFF
2025-08-25 10:20:44,253,81.8,17.4,317.6,29.8,6.7,OFF,ON,OFF,OFF,OFF,OFF,OFF,OFF
2025-08-25 10:20:42,247.5,79.9,17.5,310.8,30,6.7,OFF,ON,ON,OFF,OFF,OFF,OFF,OFF
2025-08-25 10:20:40,246,79.3,17.3,308.1,30.1,6.7,OFF,ON,OFF,OFF,OFF,OFF,OFF,OFF
2025-08-25 10:20:38,238.4,80.1,17.4,314.9,30.2,6.7,OFF,ON,ON,ON,OFF,OFF,OFF,OFF
2025-08-25 10:20:36,242.7,81.1,17.5,320.7,30.4,6.7,ON,OFF,ON,ON,OFF,OFF,OFF,OFF
2025-08-25 10:20:34,237.8,81.4,17.9,330.1,30.6,6.7,ON,OFF,ON,ON,OFF,OFF,OFF,OFF
2025-08-25 10:20:32,236.1,79.4,17.9,332,30.8,6.7,OFF,OFF,OFF,ON,OFF,OFF,OFF,OFF
2025-08-25 10:20:30,240.7,78.1,17.7,333.2,31.1,6.7,OFF,ON,OFF,ON,OFF,OFF,OFF,OFF
2025-08-25 10:20:28,244.7,76.9,17.4,338.9,31.1,6.7,OFF,ON,OFF,ON,OFF,OFF,OFF,OFF
2025-08-25 10:20:26,250.2,75.8,17.4,335.5,30.8,6.7,OFF,ON,ON,ON,OFF,OFF,OFF,OFF
2025-08-25 10:20:24,242.7,76.9,17.7,345.1,30.6,6.7,ON,OFF,ON,ON,OFF,OFF,OFF,OFF
2025-08-25 10:20:22,237.7,75.7,17.9,337.3,30.8,6.7,ON,ON,ON,OFF,OFF,OFF,OFF,OFF
2025-08-25 10:20:20,240.2,75,18.1,334,30.6,6.7,OFF,ON,OFF,OFF,OFF,OFF,OFF,OFF
2025-08-25 10:20:18,243.4,73.6,17.7,340,30.3,6.7,ON,ON,OFF,OFF,OFF,OFF,OFF,OFF
2025-08-25 10:20:16,241.4,74,18.1,330.7,30.5,6.7,OFF,ON,ON,ON,OFF,OFF,OFF,OFF
2025-08-25 10:20:14,242.3,73.6,18.2,325.4,30.4,6.7,OFF,OFF,OFF,ON,OFF,OFF,OFF,OFF
2025-08-25 10:20:12,244.1,74.1,18.2,325,30.2,6.7,OFF,OFF,OFF,ON,OFF,OFF,OFF,OFF
2025-08-25 10:20:10,245.3,75.7,18.1,315.5,30.1,6.8,OFF,OFF,ON,OFF,OFF,OFF,OFF,OFF
2025-08-25 10:20:08,242.6,75.6,18.2,316.7,30.2,6.8,ON,OFF,ON,OFF,OFF,OFF,OFF,OFF
2025-08-25 10:20:06,240,77.4,17.8,309.7,30.4,6.7,ON,OFF,ON,OFF,OFF,OFF,OFF,OFF
2025-08-25 10:20:04,240.4,78.9,18,306.6,30.5,6.7,ON,ON,ON,OFF,OFF,OFF,OFF,OFF
2025-08-25 10:20:02,233.7,79.4,18.1,309.9,30.6,6.8,OFF,OFF,ON,ON,OFF,OFF,OFF,OFF
2025-08-25 10:20:00,227.7,79.9,18,318.2,30.5,6.7,OFF,OFF,OFF,OFF,OFF,OFF,OFF,OFF
2025-08-25 10:19:58,219.7,79.7,17.9,327.4,30.5,6.7,OFF,ON,ON,OFF,OFF,OFF,OFF,OFF
2025-08-25 10:19:56,216,79.8,18.2,329.3,30.7,6.7,OFF,ON,OFF,ON,OFF,OFF,OFF,OFF
2025-08-25 10:19:54,217.4,79.9,18.1,323.9,30.9,6.7,OFF,ON,OFF,ON,OFF,OFF,OFF,OFF
2025-08-25 10:19:52,223.2,78.5,17.8,329.4,30.8,6.7,OFF,ON,OFF,ON,OFF,OFF,OFF,OFF
2025-08-25 10:19:50,220.3,78.4,18,336.2,31,6.7,ON,ON,ON,ON,OFF,OFF,OFF,OFF
2025-08-25 10:19:48,226,79.7,17.7,331.3,31,6.7,ON,OFF,OFF,OFF,OFF,OFF,OFF,OFF
2025-08-25 10:19:46,221.2,78.5,17.6,331.6,31,6.7,OFF,OFF,ON,OFF,OFF,OFF,OFF,OFF
2025-08-25 10:19:44,218,76.9,17.6,339.7,30.8,6.7,OFF,ON,ON,OFF,OFF,OFF,OFF,OFF
2025-08-25 10:19:42,224.9,75.5,17.4,346.7,30.9,6.6,ON,ON,OFF,OFF,OFF,OFF,OFF,OFF
2025-08-25 10:19:40,230.4,73.8,17.6,346.4,31.1,6.7,ON,ON,OFF,OFF,OFF,OFF,OFF,OFF
2025-08-25 10:19:38,234.9,73.6,17.8,345.8,31,6.7,OFF,ON,OFF,ON,OFF,OFF,OFF,OFF
2025-08-25 10:19:36,241.4,74.8,17.8,346.9,30.9,6.7,OFF,ON,OFF,OFF,OFF,OFF,OFF,OFF
2025-08-25 10:19:34,243.9,76.2,18.1,343.1,31.1,6.6,ON,OFF,ON,OFF,OFF,OFF,OFF,OFF
2025-08-25 10:19:32,248.4,75.2,18,350.2,31.1,6.6,OFF,OFF,ON,ON,OFF,OFF,OFF,OFF
2025-08-25 10:19:30,242.1,76.1,18,344.5,31.2,6.6,OFF,ON,OFF,OFF,OFF,OFF,OFF,OFF
2025-08-25 10:19:28,235,77,17.9,335.8,31.3,6.6,OFF,ON,ON,OFF,OFF,OFF,OFF,OFF
2025-08-25 10:19:26,240.3,78.8,17.6,327.3,31.1,6.6,OFF,ON,OFF,OFF,OFF,OFF,OFF,OFF
2025-08-25 10:19:24,236.2,79.2,17.6,328.9,31,6.6,ON,OFF,OFF,OFF,OFF,OFF,OFF,OFF
2025-08-25 10:19:22,239.4,79.5,17.3,332.3,31.2,6.6,ON,ON,OFF,OFF,OFF,OFF,OFF,OFF
2025-08-25 10:19:20,235.2,80.5,17.6,325.6,31.1,6.6,ON,ON,OFF,OFF,OFF,OFF,OFF,OFF
2025-08-25 10:19:18,236.8,79.8,17.4,330,31.4,6.6,OFF,ON,OFF,ON,OFF,OFF,OFF,OFF
2025-08-25 10:19:16,243.5,78.2,17.6,330.7,31.7,6.6,OFF,OFF,ON,ON,OFF,OFF,OFF,OFF
2025-08-25 10:19:14,244.9,78.7,17.5,338.9,31.9,6.6,OFF,OFF,ON,ON,OFF,OFF,OFF,OFF
2025-08-25 10:19:12,244.4,80,17.5,334.9,32,6.6,ON,OFF,ON,OFF,OFF,OFF,OFF,OFF
2025-08-25 10:19:10,247.9,81.2,17.1,336.2,31.8,6.5,OFF,ON,OFF,ON,OFF,OFF,OFF,OFF
2025-08-25 10:19:08,253.3,80.4,17.2,332,31.9,6.5,OFF,ON,OFF,OFF,OFF,OFF,OFF,OFF
2025-08-25 10:19:06,249.2,78.9,17.3,325.9,31.7,6.5,OFF,ON,OFF,OFF,OFF,OFF,OFF,OFF
2025-08-25 10:19:04,252.9,77.4,17,323.5,31.8,6.4,OFF,ON,ON,OFF,OFF,OFF,OFF,OFF
2025-08-25 10:19:02,247.5,76.4,17,331.8,31.6,6.5,ON,ON,ON,ON,OFF,OFF,OFF,OFF
2025-08-25 10:19:00,246,75.8,17.4,334.3,31.7,6.4,OFF,ON,ON,OFF,OFF,OFF,OFF,OFF
2025-08-25 10:18:58,240,75.5,17.2,332.9,32,6.4,OFF,ON,ON,OFF,OFF,OFF,OFF,OFF
2025-08-25 10:18:56,233.9,76.6,17.6,333,32,6.4,ON,ON,ON,OFF,OFF,OFF,OFF,OFF
2025-08-25 10:18:54,230.9,76.9,17.9,335.1,31.9,6.4,OFF,OFF,ON,ON,OFF,OFF,OFF,OFF
2025-08-25 10:18:52,224.9,76,18.3,325.3,31.9,6.4,OFF,OFF,OFF,OFF,OFF,OFF,OFF,OFF
2025-08-25 10:18:50,218.4,75.5,18.4,331.2,31.8,6.5,ON,OFF,OFF,OFF,OFF,OFF,OFF,OFF
2025-08-25 10:18:48,216.8,77.5,18.3,332.1,32,6.5,ON,OFF,ON,OFF,OFF,OFF,OFF,OFF
2025-08-25 10:18:46,213.2,78.2,18.1,329.1,32,6.5,ON,OFF,ON,OFF,OFF,OFF,OFF,OFF
2025-08-25 10:18:44,211.1,78.8,18.2,331.3,32,6.5,ON,OFF,ON,ON,OFF,OFF,OFF,OFF
2025-08-25 10:18:42,217.4,78.1,18.4,324.8,32,6.5,OFF,ON,ON,ON,OFF,OFF,OFF,OFF
2025-08-25 10:18:40,213.7,80,18.5,315.3,32,6.4,ON,ON,ON,OFF,OFF,OFF,OFF,OFF
2025-08-25 10:18:38,215.1,80.2,18.8,308.9,32,6.4,OFF,ON,ON,OFF,OFF,OFF,OFF,OFF
2025-08-25 10:18:36,222.2,80.9,18.7,311.8,32,6.4,OFF,ON,ON,OFF,OFF,OFF,OFF,OFF
2025-08-25 10:18:34,223.1,79.9,19.1,307.9,31.9,6.5,OFF,OFF,OFF,ON,OFF,OFF,OFF,OFF
2025-08-25 10:18:32,217.4,81.1,19.1,307.8,32,6.5,ON,OFF,ON,ON,OFF,OFF,OFF,OFF
2025-08-25 10:18:30,222.5,81.1,19.3,298.6,32,6.5,OFF,OFF,OFF,OFF,OFF,OFF,OFF,OFF
2025-08-25 10:18:28,221.8,80.9,19.5,305.8,31.9,6.5,ON,ON,OFF,OFF,OFF,OFF,OFF,OFF
2025-08-25 10:18:26,226.9,79,19.8,314.4,31.7,6.5,ON,ON,OFF,OFF,OFF,OFF,OFF,OFF
2025-08-25 10:18:24,232,79.4,19.6,316.2,31.5,6.5,ON,ON,ON,OFF,OFF,OFF,OFF,OFF
2025-08-25 10:18:22,231.2,78.2,19.6,313.4,31.6,6.5,ON,OFF,ON,OFF,OFF,OFF,OFF,OFF
2025-08-25 10:18:20,230.6,76.7,19.7,316.8,31.7,6.5,ON,OFF,ON,OFF,OFF,OFF,OFF,OFF
2025-08-25 10:18:18,222.7,76,20,321.7,31.7,6.5,OFF,OFF,ON,ON,OFF,OFF,OFF,OFF
2025-08-25 10:18:16,221.3,74.4,19.7,330.9,31.9,6.5,OFF,OFF,ON,ON,OFF,OFF,OFF,OFF
2025-08-25 10:18:14,219.8,72.8,20.1,340.5,31.8,6.4,OFF,OFF,ON,ON,OFF,OFF,OFF,OFF
2025-08-25 10:18:12,219.5,71.3,20.4,334.3,31.6,6.5,OFF,OFF,OFF,OFF,OFF,OFF,OFF,OFF
2025-08-25 10:18:10,211.5,69.8,20.1,326.1,31.4,6.5,ON,ON,ON,OFF,OFF,OFF,OFF,OFF
2025-08-25 10:18:08,206.1,70,19.8,320.1,31.2,6.5,OFF,ON,ON,ON,OFF,OFF,OFF,OFF
2025-08-25 10:18:06,210.3,69,19.5,325.2,31.5,6.5,ON,OFF,ON,OFF,OFF,OFF,OFF,OFF
2025-08-25 10:18:04,209.7,68.4,19.1,323.6,31.6,6.5,OFF,ON,ON,OFF,OFF,OFF,OFF,OFF
2025-08-25 10:18:02,202.1,67.5,19.1,317.6,31.4,6.5,OFF,ON,ON,ON,OFF,OFF,OFF,OFF
2025-08-25 10:18:00,209.1,68,19.2,322.3,31.3,6.5,OFF,OFF,ON,OFF,OFF,OFF,OFF,OFF
2025-08-25 10:17:58,208.2,67.4,19.3,329.9,31.3,6.5,ON,ON,ON,OFF,OFF,OFF,OFF,OFF
2025-08-25 10:17:56,201,66,19,320.6,31.4,6.6,OFF,ON,ON,OFF,OFF,OFF,OFF,OFF
2025-08-25 10:17:54,200.7,64.3,18.8,316.6,31.7,6.6,OFF,ON,ON,ON,OFF,OFF,OFF,OFF
2025-08-25 10:17:52,198.4,66,18.6,308.1,31.8,6.5,ON,ON,ON,ON,OFF,OFF,OFF,OFF
2025-08-25 10:17:50,192.5,64.2,18.5,305,31.9,6.5,OFF,ON,ON,ON,OFF,OFF,OFF,OFF
2025-08-25 10:17:48,189.2,64.3,18.4,296.4,32,6.5,ON,ON,ON,ON,OFF,OFF,OFF,OFF
2025-08-25 10:17:46,181.9,64.4,18.1,294.8,31.9,6.6,ON,OFF,ON,OFF,OFF,OFF,OFF,OFF
2025-08-25 10:17:44,175.1,62.6,17.8,302.7,32,6.5,ON,OFF,ON,OFF,OFF,OFF,OFF,OFF
2025-08-25 10:17:42,178.8,61.2,17.7,301.6,31.8,6.5,ON,ON,ON,OFF,OFF,OFF,OFF,OFF
2025-08-25 10:17:40,185,60.2,17.9,294,31.6,6.5,ON,ON,ON,OFF,OFF,OFF,OFF,OFF
2025-08-25 10:17:38,191.5,59.8,18.1,294.3,31.7,6.5,ON,OFF,ON,OFF,OFF,OFF,OFF,OFF
2025-08-25 10:17:36,198.4,61.7,18.4,293.1,31.9,6.4,OFF,ON,ON,ON,OFF,OFF,OFF,OFF
2025-08-25 10:17:34,205.2,60.7,18.3,289.3,31.8,6.4,ON,ON,ON,ON,OFF,OFF,OFF,OFF
2025-08-25 10:17:32,201.9,60.1,18.6,289,31.8,6.4,ON,ON,OFF,OFF,OFF,OFF,OFF,OFF
2025-08-25 10:17:30,202.1,59.8,19,294,31.7,6.4,OFF,ON,OFF,ON,OFF,OFF,OFF,OFF
2025-08-25 10:17:28,203.3,60.8,18.8,294.7,31.6,6.4,OFF,ON,OFF,ON,OFF,OFF,OFF,OFF
2025-08-25 10:17:26,198.7,62.6,19.2,288.3,31.7,6.4,ON,OFF,OFF,ON,OFF,OFF,OFF,OFF
2025-08-25 10:17:24,206.4,64.6,19.3,292.6,31.8,6.4,ON,OFF,OFF,ON,OFF,OFF,OFF,OFF
2025-08-25 10:17:22,203.2,66.4,19.6,288.9,32,6.5,ON,ON,OFF,ON,OFF,OFF,OFF,OFF
2025-08-25 10:17:20,210.1,65.1,19.3,292.2,31.8,6.5,ON,OFF,ON,ON,OFF,OFF,OFF,OFF
2025-08-25 10:17:18,204.1,65.7,19,297.7,32,6.5,ON,OFF,ON,ON,OFF,OFF,OFF,OFF
2025-08-25 10:17:16,200.9,66.9,19.3,307.2,31.8,6.5,ON,OFF,ON,ON,OFF,OFF,OFF,OFF
2025-08-25 10:17:14,193.3,65.6,19.6,299.4,31.6,6.5,ON,OFF,ON,OFF,OFF,OFF,OFF,OFF
2025-08-25 10:17:12,197.4,65.6,19.5,302.6,31.3,6.4,ON,OFF,ON,OFF,OFF,OFF,OFF,OFF
2025-08-25 10:17:10,190.6,65.3,19.4,309.6,31.4,6.5,ON,OFF,ON,OFF,OFF,OFF,OFF,OFF
2025-08-25 10:17:08,193.6,64.4,19.3,299.8,31.5,6.5,ON,OFF,OFF,OFF,OFF,OFF,OFF,OFF
2025-08-25 10:17:06,187.2,64.8,19.1,308.4,31.7,6.5,OFF,OFF,OFF,ON,OFF,OFF,OFF,OFF
2025-08-25 10:17:04,187.6,64.8,19,304.9,31.6,6.5,OFF,OFF,OFF,ON,OFF,OFF,OFF,OFF
2025-08-25 10:17:02,184,65.6,18.9,308.7,31.4,6.5,OFF,OFF,OFF,ON,OFF,OFF,OFF,OFF
2025-08-25 10:17:00,191,67.5,18.8,302.4,31.3,6.5,ON,OFF,OFF,OFF,OFF,OFF,OFF,OFF
2025-08-25 10:16:58,195.6,67.3,18.6,294.6,31.1,6.5,ON,OFF,OFF,ON,OFF,OFF,OFF,OFF
2025-08-25 10:16:56,190,68.7,18.5,293.5,30.9,6.5,OFF,ON,ON,OFF,OFF,OFF,OFF,OFF
2025-08-25 10:16:54,190.1,68.1,18.4,287.7,31.1,6.5,OFF,ON,OFF,OFF,OFF,OFF,OFF,OFF
2025-08-25 10:16:52,189.1,66.7,18.5,281.4,31.2,6.4,OFF,ON,OFF,OFF,OFF,OFF,OFF,OFF
2025-08-25 10:16:50,196.6,66.4,18.6,290.9,31,6.4,OFF,OFF,OFF,ON,OFF,OFF,OFF,OFF
2025-08-25 10:16:48,202.3,68.1,18.8,295.8,31.1,6.4,OFF,OFF,ON,ON,OFF,OFF,OFF,OFF
2025-08-25 10:16:46,204.2,68.4,18.4,297.4,31.3,6.4,OFF,OFF,OFF,ON,OFF,OFF,OFF,OFF
2025-08-25 10:16:44,199.7,66.8,18.1,289.6,31.5,6.4,OFF,OFF,ON,ON,OFF,OFF,OFF,OFF
2025-08-25 10:16:42,203.4,67.8,18.5,296.3,31.4,6.4,ON,OFF,ON,OFF,OFF,OFF,OFF,OFF
2025-08-25 10:16:40,201.5,67.2,18.7,299.2,31.2,6.4,OFF,OFF,ON,OFF,OFF,OFF,OFF,OFF
2025-08-25 10:16:38,198.4,66.4,18.7,301.3,30.9,6.4,OFF,ON,OFF,OFF,OFF,OFF,OFF,OFF
2025-08-25 10:16:36,191.9,66.3,18.9,304.2,31.1,6.4,ON,ON,OFF,OFF,OFF,OFF,OFF,OFF
2025-08-25 10:16:34,194.8,68.3,19.2,303.5,31,6.4,OFF,ON,OFF,OFF,OFF,OFF,OFF,OFF
2025-08-25 10:16:32,199.9,66.5,19.5,309,31,6.4,ON,OFF,OFF,OFF,OFF,OFF,OFF,OFF
2025-08-25 10:16:30,201.9,66.9,19.8,310.4,31.2,6.4,OFF,OFF,ON,OFF,OFF,OFF,OFF,OFF
2025-08-25 10:16:28,202.6,66.4,19.6,310.5,31.1,6.4,OFF,OFF,ON,OFF,OFF,OFF,OFF,OFF
2025-08-25 10:16:26,201.9,65.7,19.8,307.9,31.1,6.4,ON,OFF,ON,OFF,OFF,OFF,OFF,OFF
2025-08-25 10:16:24,201.7,64.6,19.5,307.4,31.3,6.4,OFF,OFF,ON,ON,OFF,OFF,OFF,OFF
2025-08-25 10:16:22,201.4,62.9,19.7,302.6,31.4,6.5,ON,OFF,ON,ON,OFF,OFF,OFF,OFF
2025-08-25 10:16:20,203.5,61.6,19.5,302.7,31.2,6.5,ON,ON,OFF,OFF,OFF,OFF,OFF,OFF
2025-08-25 10:16:18,200.7,60.5,19.5,310.8,30.9,6.6,OFF,OFF,ON,OFF,OFF,OFF,OFF,OFF
2025-08-25 10:16:16,198.8,61.6,19.2,310.5,31.2,6.5,ON,ON,ON,OFF,OFF,OFF,OFF,OFF
2025-08-25 10:16:14,200.8,63.2,19.6,308.2,31.4,6.6,ON,ON,ON,OFF,OFF,OFF,OFF,OFF
2025-08-25 10:16:12,195.2,61.5,19.7,306.5,31.4,6.5,ON,OFF,ON,OFF,OFF,OFF,OFF,OFF
2025-08-25 10:16:10,198.1,60.5,19.6,311.1,31.6,6.5,OFF,OFF,ON,ON,OFF,OFF,OFF,OFF
2025-08-25 10:16:08,192.5,61.9,19.7,320.6,31.3,6.5,ON,OFF,ON,ON,OFF,OFF,OFF,OFF
2025-08-25 10:16:06,189.1,63.2,19.4,313.6,31.3,6.6,OFF,ON,ON,OFF,OFF,OFF,OFF,OFF
2025-08-25 10:16:04,183.7,63.6,19.7,312.1,31.2,6.5,OFF,ON,ON,OFF,OFF,OFF,OFF,OFF
2025-08-25 10:16:02,179.1,63,19.4,312.9,31.2,6.5,OFF,ON,OFF,ON,OFF,OFF,OFF,OFF
2025-08-25 10:16:00,184.5,63.2,19.2,306.9,30.9,6.5,OFF,OFF,OFF,ON,OFF,OFF,OFF,OFF
2025-08-25 10:15:58,188.6,63.5,19.4,304.8,31.2,6.5,ON,OFF,OFF,ON,OFF,OFF,OFF,OFF
2025-08-25 10:15:56,191.6,61.8,19.1,302.2,31.2,6.5,ON,OFF,OFF,ON,OFF,OFF,OFF,OFF
2025-08-25 10:15:54,191.5,60.4,18.9,301.7,31,6.5,OFF,ON,ON,ON,OFF,OFF,OFF,OFF
2025-08-25 10:15:52,187,60,18.9,301.4,31.3,6.5,OFF,ON,OFF,OFF,OFF,OFF,OFF,OFF
2025-08-25 10:15:50,187.2,59.5,18.9,297.3,31.5,6.5,ON,ON,OFF,OFF,OFF,OFF,OFF,OFF
2025-08-25 10:15:48,190.9,61.4,18.6,293.3,31.3,6.5,OFF,OFF,OFF,OFF,OFF,OFF,OFF,OFF
2025-08-25 10:15:46,194.3,60.7,18.7,283.8,31.1,6.5,OFF,ON,OFF,OFF,OFF,OFF,OFF,OFF
2025-08-25 10:15:44,188,59.6,18.3,274.1,31.1,6.5,ON,OFF,OFF,OFF,OFF,OFF,OFF,OFF
2025-08-25 10:15:42,188.6,58.3,18.6,272,31.4,6.5,ON,OFF,OFF,OFF,OFF,OFF,OFF,OFF
2025-08-25 10:15:40,186.4,57.2,18.5,275.5,31.3,6.6,ON,OFF,ON,OFF,OFF,OFF,OFF,OFF
2025-08-25 10:15:38,183.8,56.4,18.4,267.6,31.1,6.5,OFF,OFF,ON,ON,OFF,OFF,OFF,OFF
2025-08-25 10:15:36,190.7,54.5,18.7,267,31.3,6.5,ON,OFF,ON,ON,OFF,OFF,OFF,OFF
2025-08-25 10:15:34,191.2,52.7,18.7,261.8,31.2,6.4,OFF,ON,ON,OFF,OFF,OFF,OFF,OFF
2025-08-25 10:15:32,197.7,53.1,18.6,258,31.1,6.4,OFF,OFF,ON,OFF,OFF,OFF,OFF,OFF
2025-08-25 10:15:30,189.8,51.5,18.7,258.7,31.2,6.5,OFF,OFF,ON,OFF,OFF,OFF,OFF,OFF
2025-08-25 10:15:28,197,51.3,18.9,255,31.1,6.4,ON,OFF,ON,ON,OFF,OFF,OFF,OFF
2025-08-25 10:15:26,199.6,53.2,19.2,255.4,31.1,6.4,OFF,OFF,ON,ON,OFF,OFF,OFF,OFF
2025-08-25 10:15:24,194.9,54.6,19.2,260.6,30.9,6.4,OFF,OFF,OFF,OFF,OFF,OFF,OFF,OFF
2025-08-25 10:15:22,197.6,56.2,19.2,255.3,31.1,6.4,OFF,OFF,ON,ON,OFF,OFF,OFF,OFF
2025-08-25 10:15:20,195.5,54.3,19,247.6,31,6.3,OFF,ON,OFF,ON,OFF,OFF,OFF,OFF
2025-08-25 10:15:18,190.6,52.8,19,249.8,30.8,6.4,ON,OFF,ON,OFF,OFF,OFF,OFF,OFF
2025-08-25 10:15:16,190.1,51.7,19.1,242.1,30.7,6.3,OFF,ON,OFF,OFF,OFF,OFF,OFF,OFF
2025-08-25 10:15:14,186.6,52.1,19.5,237.4,30.5,6.3,ON,OFF,OFF,ON,OFF,OFF,OFF,OFF
2025-08-25 10:15:12,190.4,53,19.5,234.7,30.6,6.3,ON,ON,OFF,OFF,OFF,OFF,OFF,OFF
2025-08-25 10:15:10,188.1,51.1,19.1,234.1,30.8,6.3,OFF,ON,ON,OFF,OFF,OFF,OFF,OFF
2025-08-25 10:15:08,189.9,51.7,18.7,234.3,30.9,6.4,ON,ON,OFF,OFF,OFF,OFF,OFF,OFF
2025-08-25 10:15:06,190.6,52.2,18.4,232,30.9,6.3,ON,OFF,OFF,OFF,OFF,OFF,OFF,OFF
2025-08-25 10:15:04,195.2,51.3,18.8,230.6,30.7,6.4,OFF,ON,ON,OFF,OFF,OFF,OFF,OFF
2025-08-25 10:15:02,191.7,49.6,19.1,220.9,30.8,6.4,OFF,OFF,ON,OFF,OFF,OFF,OFF,OFF
2025-08-25 10:15:00,197.1,49.5,18.8,220.4,30.7,6.4,OFF,ON,OFF,OFF,OFF,OFF,OFF,OFF
2025-08-25 10:14:58,197.8,49.4,18.8,223.4,30.8,6.4,ON,ON,ON,ON,OFF,OFF,OFF,OFF
2025-08-25 10:14:56,197.8,50,18.5,226.5,30.9,6.3,OFF,OFF,ON,OFF,OFF,OFF,OFF,OFF
2025-08-25 10:14:54,191.8,50.4,18.8,222.2,30.7,6.3,OFF,ON,ON,OFF,OFF,OFF,OFF,OFF
2025-08-25 10:14:52,184.8,49.6,18.9,219.3,31,6.2,OFF,ON,OFF,OFF,OFF,OFF,OFF,OFF
2025-08-25 10:14:50,179.9,49.1,18.5,229,30.9,6.2,ON,ON,OFF,OFF,OFF,OFF,OFF,OFF
2025-08-25 10:14:48,181.9,49.4,18.9,231.1,30.9,6.2,ON,ON,OFF,OFF,OFF,OFF,OFF,OFF
2025-08-25 10:14:46,175.3,49,19.1,235.9,30.9,6.2,OFF,ON,OFF,OFF,OFF,OFF,OFF,OFF
2025-08-25 10:14:44,173.1,49.3,18.8,238.4,31,6.3,OFF,ON,ON,OFF,OFF,OFF,OFF,OFF
2025-08-25 10:14:42,177.3,51.3,19.1,245.2,31.1,6.3,OFF,OFF,OFF,OFF,OFF,OFF,OFF,OFF
2025-08-25 10:14:40,171,51.1,19.3,235.3,31,6.3,OFF,ON,OFF,OFF,OFF,OFF,OFF,OFF
2025-08-25 10:14:38,178,52,19.3,238.9,31.2,6.2,ON,ON,OFF,OFF,OFF,OFF,OFF,OFF
2025-08-25 10:14:36,176.7,52.8,19.5,237.6,31.4,6.3,ON,ON,OFF,OFF,OFF,OFF,OFF,OFF
2025-08-25 10:14:34,184.3,54.3,19.4,236.9,31.2,6.3,ON,ON,OFF,OFF,OFF,OFF,OFF,OFF
2025-08-25 10:14:32,189.8,55.7,19.4,243.8,31.1,6.2,OFF,ON,OFF,OFF,OFF,OFF,OFF,OFF
2025-08-25 10:14:30,187.4,56,19.3,243.9,31.1,6.2,OFF,ON,OFF,OFF,OFF,OFF,OFF,OFF
2025-08-25 10:14:28,194.5,54.3,19.5,246.2,31.2,6.2,ON,ON,OFF,ON,OFF,OFF,OFF,OFF
2025-08-25 10:14:26,200,53.6,19.5,242.8,31.4,6.2,ON,ON,OFF,ON,OFF,OFF,OFF,OFF
2025-08-25 10:14:24,207.8,51.9,19.3,237.8,31.5,6.2,ON,ON,ON,ON,OFF,OFF,OFF,OFF
2025-08-25 10:14:22,213.8,52.7,19.1,235.1,31.6,6.2,OFF,OFF,ON,OFF,OFF,OFF,OFF,OFF
2025-08-25 10:14:20,210.2,54.6,19.4,244.3,31.4,6.1,OFF,ON,OFF,OFF,OFF,OFF,OFF,OFF
2025-08-25 10:14:18,206.9,54.7,19.6,253.1,31.2,6.2,ON,OFF,ON,ON,OFF,OFF,OFF,OFF
2025-08-25 10:14:16,206.6,55.8,19.5,263.1,31,6.1,OFF,OFF,ON,OFF,OFF,OFF,OFF,OFF
2025-08-25 10:14:14,204.1,55.2,19.4,265.5,31.3,6.2,ON,OFF,ON,ON,OFF,OFF,OFF,OFF
2025-08-25 10:14:12,207.7,53.9,19.6,266.2,31.4,6.2,ON,OFF,OFF,OFF,OFF,OFF,OFF,OFF
2025-08-25 10:14:10,214.8,52.1,19.8,263.6,31.2,6.2,OFF,ON,OFF,OFF,OFF,OFF,OFF,OFF
2025-08-25 10:14:08,215.6,53.6,20,261.7,31.3,6.2,OFF,ON,OFF,OFF,OFF,OFF,OFF,OFF
2025-08-25 10:14:06,212.4,55.5,20.2,256.7,31.4,6.1,OFF,ON,ON,ON,OFF,OFF,OFF,OFF
2025-08-25 10:14:04,220.2,56.3,20.3,246.9,31.5,6.2,OFF,ON,OFF,ON,OFF,OFF,OFF,OFF
2025-08-25 10:14:02,225.4,57.3,19.9,246.3,31.7,6.1,OFF,ON,ON,OFF,OFF,OFF,OFF,OFF
2025-08-25 10:14:00,229.4,59.1,19.8,248.6,31.7,6.1,OFF,OFF,OFF,ON,OFF,OFF,OFF,OFF
2025-08-25 10:13:58,229.3,59.9,19.8,257.3,31.7,6.1,OFF,OFF,OFF,ON,OFF,OFF,OFF,OFF
2025-08-25 10:13:56,236,60.9,19.4,263.2,31.6,6.1,OFF,ON,ON,ON,OFF,OFF,OFF,OFF
2025-08-25 10:13:54,234.7,60.1,19.7,257.1,31.8,6.1,ON,OFF,ON,ON,OFF,OFF,OFF,OFF
2025-08-25 10:13:52,235.2,60.6,20,254.9,32,6.2,ON,OFF,ON,OFF,OFF,OFF,OFF,OFF
2025-08-25 10:13:50,230.9,58.9,20.2,257.9,31.9,6.2,ON,OFF,OFF,ON,OFF,OFF,OFF,OFF
2025-08-25 10:13:48,235.8,57.7,20.3,254.4,32,6.1,OFF,OFF,ON,ON,OFF,OFF,OFF,OFF
2025-08-25 10:13:46,239.4,58,20.1,250.6,31.9,6.1,OFF,ON,ON,OFF,OFF,OFF,OFF,OFF
2025-08-25 10:13:44,234.6,59.3,19.9,251.3,32,6.2,ON,OFF,ON,OFF,OFF,OFF,OFF,OFF
2025-08-25 10:13:42,233.6,59.4,19.7,247.6,32,6.2,OFF,OFF,ON,OFF,OFF,OFF,OFF,OFF
2025-08-25 10:13:40,231.4,60.9,19.5,250.1,31.9,6.2,OFF,OFF,ON,OFF,OFF,OFF,OFF,OFF
2025-08-25 10:13:38,233.2,60.4,19.2,250.5,32,6.2,OFF,ON,OFF,ON,OFF,OFF,OFF,OFF
2025-08-25 10:13:36,240.4,62.1,19.3,257.5,31.8,6.3,OFF,ON,OFF,ON,OFF,OFF,OFF,OFF
2025-08-25 10:13:34,235,63.4,19.6,267.5,31.9,6.3,ON,ON,OFF,ON,OFF,OFF,OFF,OFF
2025-08-25 10:13:32,241.9,63.5,19.7,262.6,32,6.2,OFF,ON,OFF,ON,OFF,OFF,OFF,OFF
2025-08-25 10:13:30,240.1,65.4,19.8,255,31.9,6.2,OFF,ON,OFF,ON,OFF,OFF,OFF,OFF
2025-08-25 10:13:28,245.1,64,19.6,249.1,31.6,6.2,ON,ON,ON,OFF,OFF,OFF,OFF,OFF
2025-08-25 10:13:26,247.4,62.4,19.9,239.8,31.4,6.2,ON,ON,ON,OFF,OFF,OFF,OFF,OFF
2025-08-25 10:13:24,251.7,62,20,235.5,31.2,6.3,OFF,ON,ON,OFF,OFF,OFF,OFF,OFF
2025-08-25 10:13:22,248.9,64,20.1,232.7,31.3,6.3,OFF,ON,ON,OFF,OFF,OFF,OFF,OFF
2025-08-25 10:13:20,253,65.1,19.9,225.6,31.2,6.3,OFF,ON,ON,OFF,OFF,OFF,OFF,OFF
2025-08-25 10:13:18,250.6,66.9,20.2,228.2,31.4,6.3,ON,OFF,ON,OFF,OFF,OFF,OFF,OFF
2025-08-25 10:13:16,255.9,65.6,20.3,223.1,31.4,6.2,ON,ON,OFF,OFF,OFF,OFF,OFF,OFF
2025-08-25 10:13:14,250.4,67.1,20.2,221.5,31.5,6.2,ON,ON,OFF,OFF,OFF,OFF,OFF,OFF
2025-08-25 10:13:12,243.4,68.8,20.3,221.2,31.5,6.3,ON,OFF,ON,ON,OFF,OFF,OFF,OFF
2025-08-25 10:13:10,241.8,67.6,20.2,222.8,31.7,6.3,OFF,OFF,OFF,OFF,OFF,OFF,OFF,OFF
2025-08-25 10:13:08,240.8,67.3,20.5,225.2,31.9,6.3,OFF,ON,ON,ON,OFF,OFF,OFF,OFF
2025-08-25 10:13:06,237.4,69,20.7,231.6,31.9,6.3,OFF,ON,ON,ON,OFF,OFF,OFF,OFF
2025-08-25 10:13:04,241.3,68.9,20.7,236.2,32,6.3,ON,OFF,ON,ON,OFF,OFF,OFF,OFF
2025-08-25 10:13:02,234.4,66.9,20.8,231.9,32,6.3,OFF,ON,OFF,ON,OFF,OFF,OFF,OFF
2025-08-25 10:13:00,239.4,67.8,20.9,233.8,32,6.3,ON,ON,ON,ON,OFF,OFF,OFF,OFF
2025-08-25 10:12:58,245.5,67.8,20.9,232.1,31.7,6.3,OFF,ON,ON,ON,OFF,OFF,OFF,OFF
2025-08-25 10:12:56,252.3,65.8,21,231.1,31.9,6.3,ON,ON,ON,OFF,OFF,OFF,OFF,OFF
2025-08-25 10:12:54,257.3,64.9,21.3,222.8,31.7,6.3,OFF,ON,OFF,OFF,OFF,OFF,OFF,OFF
2025-08-25 10:12:52,249.5,65.2,21.5,218.1,31.6,6.3,OFF,ON,OFF,OFF,OFF,OFF,OFF,OFF
2025-08-25 10:12:50,244.7,63.4,21.8,227.8,31.3,6.3,ON,ON,ON,ON,OFF,OFF,OFF,OFF
2025-08-25 10:12:48,249.3,61.9,21.5,237.8,31.4,6.3,OFF,ON,OFF,OFF,OFF,OFF,OFF,OFF
2025-08-25 10:12:46,250.4,62.6,21.2,231,31.3,6.4,OFF,ON,OFF,OFF,OFF,OFF,OFF,OFF
2025-08-25 10:12:44,245.5,62.3,21,234,31.4,6.3,OFF,OFF,ON,ON,OFF,OFF,OFF,OFF
2025-08-25 10:12:42,244.5,62.7,21.3,233.2,31.5,6.3,ON,OFF,ON,ON,OFF,OFF,OFF,OFF
2025-08-25 10:12:40,250.4,64.6,21.6,224,31.7,6.3,ON,OFF,ON,ON,OFF,OFF,OFF,OFF
2025-08-25 10:12:38,252,64.7,21.6,232.3,31.6,6.3,ON,OFF,ON,OFF,OFF,OFF,OFF,OFF
2025-08-25 10:12:36,251.2,63.5,21.3,232.5,31.8,6.3,ON,OFF,OFF,OFF,OFF,OFF,OFF,OFF
2025-08-25 10:12:34,250.3,64,21.3,232.2,31.5,6.3,ON,ON,OFF,OFF,OFF,OFF,OFF,OFF
2025-08-25 10:12:32,249.1,65.8,21.6,222.9,31.4,6.3,ON,ON,OFF,OFF,OFF,OFF,OFF,OFF
2025-08-25 10:12:30,244.6,66.4,21.4,229.7,31.2,6.4,ON,ON,OFF,ON,OFF,OFF,OFF,OFF
2025-08-25 10:12:28,250.4,67.1,21.2,230.4,31.4,6.4,OFF,ON,OFF,OFF,OFF,OFF,OFF,OFF
2025-08-25 10:12:26,244.9,67.1,21.4,239.6,31.6,6.4,OFF,ON,OFF,ON,OFF,OFF,OFF,OFF
2025-08-25 10:12:24,241.3,67,21.5,237.2,31.5,6.3,OFF,OFF,OFF,OFF,OFF,OFF,OFF,OFF
2025-08-25 10:12:22,240.1,67.8,21.6,244.6,31.3,6.3,OFF,OFF,OFF,OFF,OFF,OFF,OFF,OFF
2025-08-25 10:12:20,242,69.5,21.3,244.3,31.5,6.3,ON,ON,ON,ON,OFF,OFF,OFF,OFF
2025-08-25 10:12:18,241.4,68,21.6,238.4,31.4,6.4,ON,ON,OFF,OFF,OFF,OFF,OFF,OFF
2025-08-25 10:12:16,240,68.3,21.8,232.1,31.5,6.4,ON,ON,ON,OFF,OFF,OFF,OFF,OFF
2025-08-25 10:12:14,245.3,68.9,22,226.2,31.3,6.3,ON,OFF,ON,ON,OFF,OFF,OFF,OFF
2025-08-25 10:12:12,250.5,67.6,22.2,218,31,6.3,ON,OFF,ON,ON,OFF,OFF,OFF,OFF
2025-08-25 10:12:10,257.6,65.9,22.1,225.3,31.1,6.3,ON,OFF,ON,OFF,OFF,OFF,OFF,OFF
2025-08-25 10:12:08,254.7,66.8,22,225.1,31.2,6.3,OFF,OFF,OFF,ON,OFF,OFF,OFF,OFF
2025-08-25 10:12:06,258.9,67.7,21.7,234.6,30.9,6.3,OFF,ON,OFF,ON,OFF,OFF,OFF,OFF
2025-08-25 10:12:04,259.2,66.3,21.6,225.3,30.9,6.3,OFF,ON,ON,OFF,OFF,OFF,OFF,OFF
2025-08-25 10:12:02,252.7,65,21.5,227.8,31,6.2,OFF,ON,OFF,ON,OFF,OFF,OFF,OFF
2025-08-25 10:12:00,258.1,66.8,21.4,226.2,31.3,6.2,OFF,ON,OFF,OFF,OFF,OFF,OFF,OFF
2025-08-25 10:11:58,258.6,68,21.2,233.9,31.3,6.3,ON,ON,OFF,ON,OFF,OFF,OFF,OFF
2025-08-25 10:11:56,252,68.5,21.4,243.5,31.3,6.3,OFF,ON,OFF,OFF,OFF,OFF,OFF,OFF
2025-08-25 10:11:54,245.6,70.3,21.7,249.6,31.4,6.3,OFF,OFF,OFF,OFF,OFF,OFF,OFF,OFF
2025-08-25 10:11:52,250.1,69.5,22.1,247.4,31.4,6.3,ON,OFF,OFF,ON,OFF,OFF,OFF,OFF
2025-08-25 10:11:50,247,68.4,22.1,254,31.4,6.3,OFF,OFF,OFF,OFF,OFF,OFF,OFF,OFF
2025-08-25 10:11:48,240,66.6,22.4,261.8,31.6,6.3,OFF,OFF,OFF,OFF,OFF,OFF,OFF,OFF
2025-08-25 10:11:46,243.6,64.8,22.1,262.1,31.5,6.3,OFF,ON,OFF,ON,OFF,OFF,OFF,OFF
2025-08-25 10:11:44,251.3,66.4,21.8,257.7,31.3,6.3,OFF,OFF,OFF,ON,OFF,OFF,OFF,OFF
2025-08-25 10:11:42,246.5,65.6,21.6,254.6,31.6,6.3,OFF,OFF,OFF,ON,OFF,OFF,OFF,OFF
2025-08-25 10:11:40,251,65,21.6,257.3,31.8,6.3,OFF,OFF,OFF,ON,OFF,OFF,OFF,OFF
2025-08-25 10:11:38,245.9,65.8,21.5,250.9,31.6,6.3,ON,OFF,OFF,OFF,OFF,OFF,OFF,OFF
2025-08-25 10:11:36,237.9,66.2,21.4,250.3,31.4,6.4,OFF,OFF,ON,OFF,OFF,OFF,OFF,OFF
2025-08-25 10:11:34,233,64.6,21.3,259.4,31.5,6.4,OFF,OFF,OFF,OFF,OFF,OFF,OFF,OFF
2025-08-25 10:11:32,237.4,66.3,21.5,253.4,31.5,6.4,OFF,OFF,OFF,OFF,OFF,OFF,OFF,OFF
2025-08-25 10:11:30,237.6,67.2,21.5,252.4,31.5,6.4,OFF,OFF,OFF,OFF,OFF,OFF,OFF,OFF
2025-08-25 10:11:28,231.9,68,21.7,246.7,31.2,6.5,OFF,OFF,OFF,OFF,OFF,OFF,OFF,OFF
2025-08-25 10:11:26,224.6,66.3,21.8,254.7,31.4,6.5,OFF,OFF,ON,ON,OFF,OFF,OFF,OFF
2025-08-25 10:11:24,227.3,65.1,21.6,251.1,31.4,6.5,OFF,OFF,ON,ON,OFF,OFF,OFF,OFF
2025-08-25 10:11:22,232,66.2,21.6,249.6,31.5,6.5,OFF,OFF,OFF,ON,OFF,OFF,OFF,OFF
2025-08-25 10:11:20,239.1,68.1,21.7,247.4,31.7,6.5,OFF,OFF,OFF,OFF,OFF,OFF,OFF,OFF
2025-08-25 10:11:18,246.6,68.6,21.8,238.9,31.5,6.5,ON,OFF,OFF,ON,OFF,OFF,OFF,OFF
2025-08-25 10:11:16,247.2,68.4,21.8,230,31.2,6.5,OFF,OFF,OFF,ON,OFF,OFF,OFF,OFF
2025-08-25 10:11:14,248.1,66.8,21.5,237.8,31.1,6.5,ON,ON,OFF,ON,OFF,OFF,OFF,OFF
2025-08-25 10:11:12,250.1,67.7,21.3,229.7,30.8,6.5,OFF,ON,OFF,ON,OFF,OFF,OFF,OFF
2025-08-25 10:11:10,245.3,68.4,21.6,223.3,30.8,6.5,OFF,ON,OFF,ON,OFF,OFF,OFF,OFF
2025-08-25 10:11:08,237.5,69.4,21.8,228.6,30.8,6.5,ON,ON,ON,ON,OFF,OFF,OFF,OFF
2025-08-25 10:11:06,235.4,67.7,21.9,238.1,31.1,6.5,ON,ON,ON,ON,OFF,OFF,OFF,OFF
2025-08-25 10:11:04,237.2,68.8,22.3,241,31.3,6.5,ON,ON,ON,OFF,OFF,OFF,OFF,OFF
2025-08-25 10:11:02,238.8,68.8,22.5,246.2,31.1,6.5,ON,ON,ON,ON,OFF,OFF,OFF,OFF
2025-08-25 10:11:00,241.5,69.7,22.2,253.3,31.2,6.5,OFF,ON,ON,ON,OFF,OFF,OFF,OFF
2025-08-25 10:10:58,241.5,70.6,22.1,248.5,31.2,6.5,OFF,ON,ON,ON,OFF,OFF,OFF,OFF
2025-08-25 10:10:56,241.5,71,22.4,241.5,30.9,6.5,ON,ON,ON,ON,OFF,OFF,OFF,OFF
2025-08-25 10:10:54,245.6,70.4,22.4,250.4,31.1,6.4,OFF,ON,OFF,ON,OFF,OFF,OFF,OFF
2025-08-25 10:10:52,253.2,68.8,22,244.9,31,6.5,OFF,OFF,OFF,ON,OFF,OFF,OFF,OFF
2025-08-25 10:10:50,248.7,67.3,21.9,247.1,31.1,6.5,ON,OFF,OFF,ON,OFF,OFF,OFF,OFF
2025-08-25 10:10:48,251.4,67.8,22.2,240.3,31.4,6.6,ON,OFF,ON,ON,OFF,OFF,OFF,OFF
2025-08-25 10:10:46,246.6,68.8,22.3,247.9,31.6,6.6,ON,ON,ON,ON,OFF,OFF,OFF,OFF
2025-08-25 10:10:44,254.1,68.3,22.6,254.9,31.3,6.6,OFF,ON,ON,ON,OFF,OFF,OFF,OFF
2025-08-25 10:10:42,257.4,68.4,22.4,258,31,6.6,OFF,ON,ON,ON,OFF,OFF,OFF,OFF
2025-08-25 10:10:40,255.5,70.3,22.5,251.3,31.2,6.6,ON,ON,OFF,ON,OFF,OFF,OFF,OFF
2025-08-25 10:10:38,255.7,69.4,22.8,260.1,31.4,6.6,ON,OFF,ON,OFF,OFF,OFF,OFF,OFF
2025-08-25 10:10:36,262.8,67.8,23,253,31.4,6.6,OFF,OFF,OFF,OFF,OFF,OFF,OFF,OFF
2025-08-25 10:10:34,256,66.4,23.1,262.3,31.5,6.6,OFF,OFF,OFF,ON,OFF,OFF,OFF,OFF
2025-08-25 10:10:32,262.6,65.3,23.4,265.2,31.8,6.5,OFF,OFF,OFF,ON,OFF,OFF,OFF,OFF
2025-08-25 10:10:30,258.6,65.1,23.1,273.8,31.9,6.5,ON,OFF,OFF,ON,OFF,OFF,OFF,OFF
2025-08-25 10:10:28,265.6,64.7,23.5,270.2,31.8,6.6,ON,OFF,OFF,OFF,OFF,OFF,OFF,OFF
2025-08-25 10:10:26,258.7,65,23.2,266.3,31.7,6.6,OFF,OFF,OFF,OFF,OFF,OFF,OFF,OFF
2025-08-25 10:10:24,263.8,65.7,23.6,258.2,31.5,6.6,OFF,OFF,OFF,OFF,OFF,OFF,OFF,OFF
2025-08-25 10:10:22,263.2,64.2,23.9,265.1,31.7,6.6,OFF,OFF,OFF,OFF,OFF,OFF,OFF,OFF
2025-08-25 10:10:20,270.6,65.9,23.9,268.3,31.4,6.5,OFF,OFF,ON,ON,OFF,OFF,OFF,OFF
2025-08-25 10:10:18,277,67.8,23.8,271.5,31.3,6.5,OFF,OFF,ON,ON,OFF,OFF,OFF,OFF
2025-08-25 10:10:16,274.8,67.2,23.9,268.1,31.4,6.5,ON,ON,OFF,ON,OFF,OFF,OFF,OFF
2025-08-25 10:10:14,281.5,67.2,23.7,261.9,31.4,6.5,OFF,OFF,ON,ON,OFF,OFF,OFF,OFF
2025-08-25 10:10:12,288.3,66.1,24.1,260.9,31.4,6.5,OFF,OFF,ON,OFF,OFF,OFF,OFF,OFF
2025-08-25 10:10:10,282.1,65.1,23.7,257.6,31.5,6.6,OFF,ON,ON,OFF,OFF,OFF,OFF,OFF
2025-08-25 10:10:08,283,63.8,23.4,254.9,31.7,6.6,ON,OFF,ON,OFF,OFF,OFF,OFF,OFF
2025-08-25 10:10:06,286.8,62.8,23.6,261.9,31.4,6.7,OFF,OFF,ON,OFF,OFF,OFF,OFF,OFF
2025-08-25 10:10:04,284.8,60.8,23.9,259.8,31.7,6.6,OFF,OFF,ON,ON,OFF,OFF,OFF,OFF
2025-08-25 10:10:02,278.3,62.8,24.2,255.6,31.5,6.6,OFF,OFF,ON,OFF,OFF,OFF,OFF,OFF
2025-08-25 10:10:00,277.9,62.1,24,261.2,31.5,6.6,OFF,OFF,ON,OFF,OFF,OFF,OFF,OFF
2025-08-25 10:09:58,275.2,62.4,24.3,260.7,31.4,6.5,OFF,OFF,ON,OFF,OFF,OFF,OFF,OFF
2025-08-25 10:09:56,269.1,60.9,24,267.4,31.6,6.5,OFF,OFF,OFF,ON,OFF,OFF,OFF,OFF
2025-08-25 10:09:54,262.3,62.5,24.3,259.1,31.5,6.5,OFF,OFF,OFF,ON,OFF,OFF,OFF,OFF
2025-08-25 10:09:52,254.6,62.6,23.9,263,31.5,6.5,OFF,OFF,OFF,OFF,OFF,OFF,OFF,OFF
2025-08-25 10:09:50,260.4,63.7,23.8,262,31.8,6.5,OFF,ON,ON,OFF,OFF,OFF,OFF,OFF
2025-08-25 10:09:48,258.4,65,23.6,264.4,31.9,6.5,OFF,OFF,ON,ON,OFF,OFF,OFF,OFF
2025-08-25 10:09:46,261.3,65.9,23.6,271.5,31.7,6.5,OFF,OFF,OFF,ON,OFF,OFF,OFF,OFF
2025-08-25 10:09:44,260.8,64.4,23.4,277.4,31.4,6.5,ON,ON,OFF,ON,OFF,OFF,OFF,OFF
2025-08-25 10:09:42,267.9,64,23.2,286.1,31.6,6.5,ON,OFF,OFF,OFF,OFF,OFF,OFF,OFF
2025-08-25 10:09:40,269.6,62.7,23.3,284.6,31.5,6.5,ON,OFF,OFF,OFF,OFF,OFF,OFF,OFF
2025-08-25 10:09:38,266.8,62.5,23.6,274.8,31.7,6.5,ON,OFF,OFF,OFF,OFF,OFF,OFF,OFF
2025-08-25 10:09:36,259.9,63,23.9,283.6,32,6.5,OFF,OFF,OFF,OFF,OFF,OFF,OFF,OFF
2025-08-25 10:09:34,257,63.4,24.1,275,31.8,6.5,ON,ON,ON,OFF,OFF,OFF,OFF,OFF
2025-08-25 10:09:32,255.6,64.6,24.4,272.3,31.9,6.6,ON,OFF,OFF,ON,OFF,OFF,OFF,OFF
2025-08-25 10:09:30,248.5,63.8,24.2,266.7,31.7,6.5,ON,ON,ON,OFF,OFF,OFF,OFF,OFF
2025-08-25 10:09:28,252.6,64.6,24.3,265.4,31.6,6.5,ON,ON,ON,OFF,OFF,OFF,OFF,OFF
2025-08-25 10:09:26,253.1,63.9,24.2,258,31.5,6.5,ON,OFF,OFF,ON,OFF,OFF,OFF,OFF
2025-08-25 10:09:24,260.5,65.6,24.6,261.6,31.6,6.5,OFF,OFF,ON,ON,OFF,OFF,OFF,OFF
2025-08-25 10:09:22,263.7,63.8,24.4,252.6,31.5,6.5,ON,OFF,ON,OFF,OFF,OFF,OFF,OFF
2025-08-25 10:09:20,259.4,62.3,24,246.6,31.6,6.6,ON,ON,ON,OFF,OFF,OFF,OFF,OFF
2025-08-25 10:09:18,266.7,60.6,23.7,246.7,31.7,6.6,ON,OFF,ON,ON,OFF,OFF,OFF,OFF
2025-08-25 10:09:16,265,59.5,23.7,252.1,31.6,6.5,ON,OFF,ON,OFF,OFF,OFF,OFF,OFF
2025-08-25 10:09:14,263,59.7,23.6,249.6,31.6,6.5,OFF,OFF,ON,OFF,OFF,OFF,OFF,OFF
2025-08-25 10:09:12,267.9,58.8,23.3,258,31.7,6.5,OFF,OFF,OFF,OFF,OFF,OFF,OFF,OFF
2025-08-25 10:09:10,265.4,58.3,23.4,261.9,31.6,6.5,ON,ON,OFF,OFF,OFF,OFF,OFF,OFF
2025-08-25 10:09:08,262.1,58.7,23.2,255.4,31.8,6.5,ON,OFF,OFF,OFF,OFF,OFF,OFF,OFF
2025-08-25 10:09:06,265.7,56.8,23.3,261.6,31.8,6.5,ON,ON,OFF,OFF,OFF,OFF,OFF,OFF
2025-08-25 10:09:04,262,57.4,23.5,252.4,32,6.5,OFF,ON,OFF,OFF,OFF,OFF,OFF,OFF
2025-08-25 10:09:02,261.5,55.9,23.7,260.7,32,6.5,OFF,ON,ON,ON,OFF,OFF,OFF,OFF
2025-08-25 10:09:00,265.6,56,23.6,262.6,32,6.4,OFF,ON,ON,ON,OFF,OFF,OFF,OFF
2025-08-25 10:08:58,271.7,55.2,23.2,261.4,31.8,6.5,OFF,ON,ON,ON,OFF,OFF,OFF,OFF
2025-08-25 10:08:56,275.3,53.6,23.2,252.2,32,6.5,ON,ON,ON,ON,OFF,OFF,OFF,OFF
2025-08-25 10:08:54,269.3,55.5,23.2,244.8,31.8,6.4,OFF,OFF,ON,ON,OFF,OFF,OFF,OFF
2025-08-25 10:08:52,271.2,54.4,23,238.5,32,6.4,OFF,OFF,ON,ON,OFF,OFF,OFF,OFF
2025-08-25 10:08:50,276.4,53.9,23.4,231.7,32,6.4,OFF,OFF,OFF,ON,OFF,OFF,OFF,OFF
2025-08-25 10:08:48,283.3,54.4,23.6,241,32,6.4,ON,OFF,OFF,ON,OFF,OFF,OFF,OFF
2025-08-25 10:08:46,284.9,55.5,23.7,246.6,32,6.4,ON,ON,OFF,ON,OFF,OFF,OFF,OFF
2025-08-25 10:08:44,280.2,53.8,24,251.9,32,6.4,ON,ON,ON,ON,OFF,OFF,OFF,OFF
2025-08-25 10:08:42,283.3,55.5,24.3,261.1,32,6.5,ON,ON,ON,OFF,OFF,OFF,OFF,OFF
2025-08-25 10:08:40,275.8,54.2,24.1,251.7,31.9,6.5,ON,ON,ON,OFF,OFF,OFF,OFF,OFF
2025-08-25 10:08:38,280.1,53.2,24.1,250.5,31.6,6.5,ON,ON,OFF,OFF,OFF,OFF,OFF,OFF
2025-08-25 10:08:36,284.6,53.5,24.1,245.9,31.5,6.4,ON,ON,OFF,OFF,OFF,OFF,OFF,OFF
2025-08-25 10:08:34,284.1,55,24.4,255.3,31.7,6.5,ON,OFF,OFF,OFF,OFF,OFF,OFF,OFF
2025-08-25 10:08:32,278.7,55.9,24.2,259.5,32,6.5,OFF,OFF,OFF,OFF,OFF,OFF,OFF,OFF
2025-08-25 10:08:30,283.9,57.6,24.2,267.5,32,6.5,OFF,OFF,ON,ON,OFF,OFF,OFF,OFF
2025-08-25 10:08:28,280.6,58.3,24,263.4,32,6.4,OFF,OFF,ON,ON,OFF,OFF,OFF,OFF
2025-08-25 10:08:26,287.9,58.2,24,259.3,32,6.4,OFF,OFF,ON,OFF,OFF,OFF,OFF,OFF
2025-08-25 10:08:24,280.1,59.7,24.2,251.7,32,6.4,OFF,OFF,OFF,ON,OFF,OFF,OFF,OFF
2025-08-25 10:08:22,282.9,59.7,24.3,260.5,32,6.5,ON,OFF,OFF,OFF,OFF,OFF,OFF,OFF
2025-08-25 10:08:20,290.4,58.2,24,263.4,32,6.4,OFF,OFF,OFF,OFF,OFF,OFF,OFF,OFF
2025-08-25 10:08:18,294.1,56.2,24.1,267.8,32,6.4,ON,OFF,OFF,OFF,OFF,OFF,OFF,OFF
2025-08-25 10:08:16,290.1,56.4,24.1,276.4,32,6.4,ON,OFF,ON,OFF,OFF,OFF,OFF,OFF
2025-08-25 10:08:14,284,55.2,24.1,268.3,32,6.4,OFF,OFF,ON,ON,OFF,OFF,OFF,OFF
2025-08-25 10:08:12,290.1,55.5,23.8,273.3,32,6.4,ON,ON,OFF,OFF,OFF,OFF,OFF,OFF
2025-08-25 10:08:10,297.1,56.9,23.5,279.3,31.9,6.4,OFF,ON,ON,OFF,OFF,OFF,OFF,OFF
2025-08-25 10:08:08,293.8,56.1,23.8,274.8,32,6.3,OFF,ON,ON,OFF,OFF,OFF,OFF,OFF
2025-08-25 10:08:06,300,57.7,23.8,277.2,31.9,6.3,OFF,OFF,ON,OFF,OFF,OFF,OFF,OFF
2025-08-25 10:08:04,300,59.2,23.6,285.1,32,6.3,ON,OFF,OFF,OFF,OFF,OFF,OFF,OFF
2025-08-25 10:08:02,300,60.1,23.5,280.1,32,6.3,ON,OFF,OFF,OFF,OFF,OFF,OFF,OFF
2025-08-25 10:08:00,300,61.1,23.2,288.8,31.9,6.3,ON,OFF,ON,ON,OFF,OFF,OFF,OFF
2025-08-25 10:07:58,299.8,59.1,23.6,287.1,32,6.3,OFF,OFF,OFF,ON,OFF,OFF,OFF,OFF
2025-08-25 10:07:56,295.3,57.4,23.7,278,32,6.4,OFF,OFF,OFF,ON,OFF,OFF,OFF,OFF
2025-08-25 10:07:54,291.2,56.3,23.7,272.8,32,6.4,OFF,OFF,ON,ON,OFF,OFF,OFF,OFF
2025-08-25 10:07:52,286.2,55.3,23.8,269.5,32,6.4,OFF,OFF,ON,OFF,OFF,OFF,OFF,OFF
2025-08-25 10:07:50,285.1,54.5,23.8,273.4,32,6.4,OFF,ON,OFF,OFF,OFF,OFF,OFF,OFF
2025-08-25 10:07:48,283.4,54.8,23.7,281.8,31.9,6.4,OFF,ON,OFF,OFF,OFF,OFF,OFF,OFF
2025-08-25 10:07:46,288.6,56.7,23.8,287.4,31.9,6.4,OFF,OFF,OFF,OFF,OFF,OFF,OFF,OFF
2025-08-25 10:07:44,289.1,58.2,23.8,283.8,31.6,6.4,ON,OFF,OFF,ON,OFF,OFF,OFF,OFF
2025-08-25 10:07:42,287.7,56.6,23.7,291.3,31.8,6.4,OFF,OFF,OFF,ON,OFF,OFF,OFF,OFF
2025-08-25 10:07:40,291,57,24.1,289.7,31.6,6.3,ON,ON,ON,ON,OFF,OFF,OFF,OFF
2025-08-25 10:07:38,285.7,56.5,24.4,286.7,31.6,6.3,OFF,ON,OFF,ON,OFF,OFF,OFF,OFF
2025-08-25 10:07:36,292.9,57.8,24.5,290.2,31.4,6.4,OFF,OFF,ON,ON,OFF,OFF,OFF,OFF
2025-08-25 10:07:34,289.7,56,24.7,289.8,31.6,6.4,OFF,OFF,ON,OFF,OFF,OFF,OFF,OFF
2025-08-25 10:07:32,287.8,54.7,24.4,296.6,31.3,6.4,OFF,ON,ON,OFF,OFF,OFF,OFF,OFF
2025-08-25 10:07:30,287.8,53,24.3,303.3,31.3,6.4,OFF,ON,OFF,OFF,OFF,OFF,OFF,OFF
2025-08-25 10:07:28,289.5,54.6,24.2,299.4,31.1,6.4,ON,ON,ON,OFF,OFF,OFF,OFF,OFF
2025-08-25 10:07:26,294.6,52.7,24.4,300.6,31.1,6.4,ON,ON,ON,ON,OFF,OFF,OFF,OFF
2025-08-25 10:07:24,294.3,52,24.3,294.3,31.2,6.4,ON,ON,OFF,ON,OFF,OFF,OFF,OFF
2025-08-25 10:07:22,297.6,51.7,24.3,284.4,31.4,6.4,ON,ON,ON,ON,OFF,OFF,OFF,OFF
2025-08-25 10:07:20,295.4,51,23.9,283.7,31.5,6.4,OFF,OFF,ON,ON,OFF,OFF,OFF,OFF
2025-08-25 10:07:18,289.4,52.3,24.1,280.7,31.2,6.4,OFF,OFF,OFF,OFF,OFF,OFF,OFF,OFF
2025-08-25 10:07:16,283.9,52.3,23.7,274.9,31.1,6.4,ON,OFF,OFF,OFF,OFF,OFF,OFF,OFF
2025-08-25 10:07:14,287.2,52.7,23.4,265.7,30.9,6.4,ON,OFF,OFF,ON,OFF,OFF,OFF,OFF
2025-08-25 10:07:12,291.2,53.4,23.6,265.5,31,6.3,ON,OFF,OFF,ON,OFF,OFF,OFF,OFF
2025-08-25 10:07:10,284.8,55.1,23.4,260.8,30.7,6.4,ON,ON,OFF,ON,OFF,OFF,OFF,OFF
2025-08-25 10:07:08,278.5,56.6,23.7,254.4,30.4,6.4,OFF,OFF,ON,ON,OFF,OFF,OFF,OFF
2025-08-25 10:07:06,285,56,23.4,246.8,30.2,6.4,OFF,OFF,ON,OFF,OFF,OFF,OFF,OFF
2025-08-25 10:07:04,292.5,56.9,23.2,246.7,30.3,6.4,OFF,ON,OFF,ON,OFF,OFF,OFF,OFF
2025-08-25 10:07:02,296,57.7,23,241.1,30.3,6.4,OFF,OFF,OFF,ON,OFF,OFF,OFF,OFF
2025-08-25 10:07:00,292.4,58.8,22.7,234.2,30.2,6.4,OFF,OFF,OFF,ON,OFF,OFF,OFF,OFF
2025-08-25 10:06:58,293.7,59.3,22.3,239.1,30.2,6.4,OFF,OFF,ON,ON,OFF,OFF,OFF,OFF
2025-08-25 10:06:56,297.5,57.5,22.5,235.1,30,6.4,ON,OFF,ON,OFF,OFF,OFF,OFF,OFF
2025-08-25 10:06:54,294.6,56.9,22.7,243.7,30,6.4,OFF,ON,ON,ON,OFF,OFF,OFF,OFF
2025-08-25 10:06:52,294.3,55.7,23.1,237,29.9,6.4,OFF,ON,ON,OFF,OFF,OFF,OFF,OFF
2025-08-25 10:06:50,300,54.1,23.4,243.2,29.9,6.4,ON,OFF,ON,OFF,OFF,OFF,OFF,OFF
2025-08-25 10:06:48,300,55.3,23.2,237.6,29.9,6.4,OFF,OFF,ON,ON,OFF,OFF,OFF,OFF
2025-08-25 10:06:46,295.6,54.7,23.4,232.3,29.9,6.4,OFF,ON,OFF,ON,OFF,OFF,OFF,OFF
2025-08-25 10:06:44,295.4,54.8,23.4,233.8,30.1,6.4,OFF,ON,ON,ON,OFF,OFF,OFF,OFF
2025-08-25 10:06:42,300,55.2,23.4,240.5,30.3,6.4,OFF,ON,ON,ON,OFF,OFF,OFF,OFF
2025-08-25 10:06:40,292.8,54.5,23.7,237.3,30,6.4,OFF,ON,OFF,ON,OFF,OFF,OFF,OFF
2025-08-25 10:06:38,289.8,56.5,23.7,235.9,29.8,6.4,OFF,ON,OFF,OFF,OFF,OFF,OFF,OFF
2025-08-25 10:06:36,286.5,54.6,23.6,234.6,30,6.4,ON,ON,ON,OFF,OFF,OFF,OFF,OFF
2025-08-25 10:06:34,292,55.8,23.7,243.6,30,6.3,ON,OFF,ON,OFF,OFF,OFF,OFF,OFF
2025-08-25 10:06:32,287.8,53.8,23.4,250.3,30,6.3,OFF,OFF,ON,OFF,OFF,OFF,OFF,OFF
2025-08-25 10:06:30,292.2,55.6,23.3,259.5,29.7,6.3,OFF,OFF,OFF,ON,OFF,OFF,OFF,OFF
2025-08-25 10:06:28,284.6,57.1,23.3,250.6,29.4,6.3,ON,OFF,OFF,ON,OFF,OFF,OFF,OFF
2025-08-25 10:06:26,282.8,58.5,23.1,251.1,29.5,6.4,ON,OFF,OFF,ON,OFF,OFF,OFF,OFF
2025-08-25 10:06:24,289.2,58.2,22.8,256.9,29.6,6.4,ON,OFF,OFF,ON,OFF,OFF,OFF,OFF
2025-08-25 10:06:22,281.8,58.7,22.4,262.6,29.6,6.4,ON,ON,OFF,ON,OFF,OFF,OFF,OFF
2025-08-25 10:06:20,275.7,60.7,22.8,271.1,29.8,6.4,OFF,ON,OFF,OFF,OFF,OFF,OFF,OFF
2025-08-25 10:06:18,280.9,62.4,23,268.5,29.9,6.4,OFF,OFF,ON,OFF,OFF,OFF,OFF,OFF
2025-08-25 10:06:16,273,64.1,22.8,259.9,29.6,6.3,ON,OFF,ON,OFF,OFF,OFF,OFF,OFF
2025-08-25 10:06:14,280.3,65,23,258.2,29.4,6.4,OFF,OFF,ON,ON,OFF,OFF,OFF,OFF
2025-08-25 10:06:12,288,63.7,23.2,258,29.3,6.3,OFF,OFF,OFF,OFF,OFF,OFF,OFF,OFF
2025-08-25 10:06:10,288.5,62.1,23.6,249.3,29.4,6.4,OFF,OFF,OFF,ON,OFF,OFF,OFF,OFF
2025-08-25 10:06:08,291.8,63.2,23.6,253.8,29.6,6.4,OFF,OFF,OFF,OFF,OFF,OFF,OFF,OFF
2025-08-25 10:06:06,292.7,62.1,23.6,253.9,29.7,6.4,OFF,OFF,OFF,ON,OFF,OFF,OFF,OFF
2025-08-25 10:06:04,287.4,60.6,23.3,251.4,29.5,6.4,OFF,OFF,ON,ON,OFF,OFF,OFF,OFF
2025-08-25 10:06:02,281.9,59.8,23.4,255.7,29.4,6.4,OFF,OFF,ON,OFF,OFF,OFF,OFF,OFF
2025-08-25 10:06:00,274.5,59.2,23.7,252.2,29.7,6.4,OFF,ON,OFF,ON,OFF,OFF,OFF,OFF
2025-08-25 10:05:58,269.7,58.1,23.4,255.6,29.5,6.3,OFF,OFF,OFF,ON,OFF,OFF,OFF,OFF
2025-08-25 10:05:56,267.5,56.5,23.4,248.5,29.3,6.3,OFF,ON,ON,ON,OFF,OFF,OFF,OFF
2025-08-25 10:05:54,274.6,55.5,23.1,256.1,29.3,6.3,OFF,OFF,ON,OFF,OFF,OFF,OFF,OFF
2025-08-25 10:05:52,279.5,54.1,22.8,247.6,29.4,6.3,OFF,OFF,ON,OFF,OFF,OFF,OFF,OFF
2025-08-25 10:05:50,286.5,55.8,22.9,237.7,29.7,6.3,OFF,OFF,ON,OFF,OFF,OFF,OFF,OFF
2025-08-25 10:05:48,290.6,55.9,22.9,233.2,29.5,6.3,ON,OFF,ON,OFF,OFF,OFF,OFF,OFF
2025-08-25 10:05:46,297.7,54.6,22.6,223.8,29.3,6.3,ON,ON,ON,ON,OFF,OFF,OFF,OFF
2025-08-25 10:05:44,300,54.5,22.8,221.7,29.3,6.3,ON,OFF,OFF,ON,OFF,OFF,OFF,OFF
2025-08-25 10:05:42,300,56,23,230.8,29.1,6.3,ON,ON,OFF,ON,OFF,OFF,OFF,OFF
2025-08-25 10:05:40,300,55,22.9,229.9,29.2,6.3,OFF,ON,OFF,ON,OFF,OFF,OFF,OFF
2025-08-25 10:05:38,300,56.7,23.1,220.3,29.3,6.3,ON,ON,OFF,ON,OFF,OFF,OFF,OFF
2025-08-25 10:05:36,300,57.3,23.2,221.3,29.6,6.4,ON,ON,ON,OFF,OFF,OFF,OFF,OFF
2025-08-25 10:05:34,300,58.2,23,223.6,29.6,6.3,ON,OFF,OFF,ON,OFF,OFF,OFF,OFF
2025-08-25 10:05:32,300,57.2,23.2,226.9,29.4,6.3,ON,ON,ON,ON,OFF,OFF,OFF,OFF
2025-08-25 10:05:30,293.5,56.4,23.5,233.2,29.3,6.4,ON,ON,OFF,OFF,OFF,OFF,OFF,OFF
2025-08-25 10:05:28,296.1,54.6,23.4,228.8,29.5,6.4,ON,OFF,OFF,OFF,OFF,OFF,OFF,OFF
2025-08-25 10:05:26,296.5,54.4,23,232.6,29.8,6.4,ON,OFF,OFF,OFF,OFF,OFF,OFF,OFF
2025-08-25 10:05:24,299.4,54.3,23.3,230.6,29.6,6.3,ON,ON,ON,OFF,OFF,OFF,OFF,OFF
2025-08-25 10:05:22,300,55.8,23.7,236.2,29.6,6.3,ON,OFF,OFF,OFF,OFF,OFF,OFF,OFF
2025-08-25 10:05:20,292.7,55.3,23.4,244.5,29.7,6.3,ON,OFF,OFF,OFF,OFF,OFF,OFF,OFF
2025-08-25 10:05:18,296.3,56.9,23.7,252,30,6.2,ON,OFF,ON,OFF,OFF,OFF,OFF,OFF
2025-08-25 10:03:11,291.1,65.9,23.8,248.5,30.7,6.4,OFF,OFF,OFF,OFF,OFF,OFF,OFF,OFF
2025-08-25 10:03:09,293.9,64,23.8,256.6,30.9,6.3,ON,OFF,OFF,OFF,OFF,OFF,OFF,OFF
2025-08-25 10:03:07,300,62.8,23.5,265.8,30.6,6.4,ON,OFF,OFF,OFF,OFF,OFF,OFF,OFF
2025-08-25 10:03:03,293.8,62.9,23,266.6,30.6,6.4,OFF,OFF,ON,ON,OFF,OFF,OFF,OFF
2025-08-25 10:02:57,289.7,62.6,24.1,260.9,30.3,6.4,ON,ON,ON,ON,OFF,OFF,OFF,OFF
2025-08-25 10:02:55,296.2,63.3,23.7,262,30.2,6.4,OFF,OFF,OFF,ON,OFF,OFF,OFF,OFF
2025-08-25 10:02:53,295.4,64,23.9,265.5,30,6.5,OFF,ON,ON,ON,OFF,OFF,OFF,OFF
2025-08-25 10:02:51,293.9,64.3,24.3,257.2,30.3,6.5,OFF,ON,OFF,OFF,OFF,OFF,OFF,OFF
2025-08-25 10:02:49,300,65.2,24.1,265.3,30.2,6.5,ON,ON,OFF,OFF,OFF,OFF,OFF,OFF
2025-08-25 10:02:47,297.7,64.8,24.3,268.2,30.3,6.4,ON,ON,ON,OFF,OFF,OFF,OFF,OFF
2025-08-25 10:02:45,300,65.2,23.9,270.5,30.5,6.5,ON,ON,ON,ON,OFF,OFF,OFF,OFF
2025-08-25 10:02:43,300,65.8,24.2,274.8,30.6,6.4,ON,ON,ON,OFF,OFF,OFF,OFF,OFF
2025-08-25 10:02:41,297.5,65.6,23.9,267,30.5,6.4,OFF,OFF,ON,ON,OFF,OFF,OFF,OFF
2025-08-25 10:02:39,291.4,67.2,23.7,257.4,30.3,6.5,OFF,OFF,ON,ON,OFF,OFF,OFF,OFF
2025-08-25 10:02:37,294.6,66.9,23.8,249.3,30.3,6.5,ON,OFF,ON,ON,OFF,OFF,OFF,OFF
2025-08-25 10:02:35,288.4,68.7,23.7,242.5,30.1,6.5,ON,OFF,ON,ON,OFF,OFF,OFF,OFF
2025-08-25 10:02:33,293.8,67.9,24,248.2,29.8,6.5,OFF,ON,OFF,ON,OFF,OFF,OFF,OFF
2025-08-25 10:02:25,290.8,68.1,23.7,233.1,30.1,6.5,OFF,ON,ON,OFF,OFF,OFF,OFF,OFF
2025-08-25 10:02:23,292.2,70,23.8,233.7,29.8,6.6,ON,ON,ON,OFF,OFF,OFF,OFF,OFF
2025-08-25 10:02:21,292.9,68.6,23.4,230.5,29.9,6.5,ON,OFF,OFF,ON,OFF,OFF,OFF,OFF
2025-08-25 10:02:19,296.7,69.3,23.4,232.7,30,6.5,OFF,OFF,OFF,OFF,OFF,OFF,OFF,OFF
2025-08-25 10:02:17,297.6,70.8,23.6,232,29.7,6.5,ON,OFF,OFF,OFF,OFF,OFF,OFF,OFF
2025-08-25 10:02:15,295.6,71.9,23.7,226.1,29.8,6.5,ON,OFF,OFF,OFF,OFF,OFF,OFF,OFF
2025-08-25 10:02:13,296.7,70.8,23.8,232.8,30,6.5,OFF,OFF,ON,OFF,OFF,OFF,OFF,OFF
2025-08-25 10:02:11,294.4,69.1,24.2,235.4,30.3,6.5,OFF,ON,ON,ON,OFF,OFF,OFF,OFF
2025-08-25 10:02:09,297.6,69,24.3,243.6,30.4,6.5,OFF,ON,ON,ON,OFF,OFF,OFF,OFF
2025-08-25 10:02:07,300,68.6,24,241.4,30.1,6.5,OFF,ON,OFF,ON,OFF,OFF,OFF,OFF
2025-08-25 10:02:05,300,69.8,24,246.2,29.8,6.5,OFF,OFF,OFF,ON,OFF,OFF,OFF,OFF
2025-08-25 10:02:03,300,68.2,24.1,246.9,29.6,6.5,OFF,OFF,OFF,ON,OFF,OFF,OFF,OFF
2025-08-25 10:02:01,294,68.9,23.9,246.2,29.6,6.5,ON,OFF,OFF,ON,OFF,OFF,OFF,OFF
2025-08-25 10:01:59,293.5,69.8,24.2,245,29.4,6.5,OFF,OFF,ON,ON,OFF,OFF,OFF,OFF
2025-08-25 10:01:55,288.4,71.4,24.2,260.6,29.7,6.5,OFF,OFF,ON,ON,OFF,OFF,OFF,OFF
2025-08-25 10:01:53,294.6,69.9,23.9,250.7,29.5,6.5,OFF,OFF,ON,ON,OFF,OFF,OFF,OFF
2025-08-25 10:01:51,300,71.7,24.1,257,29.5,6.5,ON,OFF,OFF,OFF,OFF,OFF,OFF,OFF
2025-08-25 10:01:49,298,73.6,24,251.4,29.7,6.5,ON,OFF,OFF,ON,OFF,OFF,OFF,OFF
2025-08-25 10:01:47,295,72.4,24,260.3,29.6,6.4,ON,OFF,OFF,ON,OFF,OFF,OFF,OFF
2025-08-25 10:01:45,295.9,73.1,24.2,265.6,29.6,6.4,ON,OFF,ON,ON,OFF,OFF,OFF,OFF
2025-08-25 10:01:43,300,72.9,24.5,267.4,29.3,6.3,OFF,ON,ON,ON,OFF,OFF,OFF,OFF
2025-08-25 10:01:41,296,73.7,24.3,264.6,29.5,6.4,OFF,ON,OFF,ON,OFF,OFF,OFF,OFF
2025-08-25 10:01:39,292.5,73.3,24.4,262.7,29.7,6.4,ON,ON,ON,ON,OFF,OFF,OFF,OFF
2025-08-25 10:01:37,299.8,73.1,24.8,272.4,30,6.4,ON,ON,OFF,ON,OFF,OFF,OFF,OFF
2025-08-25 10:01:35,300,71.9,24.8,265.5,30,6.4,ON,ON,ON,ON,OFF,OFF,OFF,OFF
2025-08-25 10:01:33,300,70.6,25.2,263.9,29.7,6.4,ON,ON,ON,ON,OFF,OFF,OFF,OFF
2025-08-25 10:01:31,300,72.4,25.4,272.9,30,6.4,OFF,OFF,OFF,OFF,OFF,OFF,OFF,OFF
2025-08-25 10:01:29,300,72.2,25.8,277.6,29.9,6.3,OFF,OFF,ON,ON,OFF,OFF,OFF,OFF
2025-08-25 10:01:27,300,72.5,25.6,284.1,29.8,6.4,OFF,ON,ON,OFF,OFF,OFF,OFF,OFF
2025-08-25 10:01:25,296.3,71.8,25.7,281.9,30,6.3,OFF,ON,OFF,ON,OFF,OFF,OFF,OFF
2025-08-25 10:01:23,294.3,73.7,25.4,274.4,30.2,6.3,OFF,ON,OFF,OFF,OFF,OFF,OFF,OFF
2025-08-25 10:01:21,289.5,72.6,25,278.1,30.3,6.3,OFF,ON,ON,ON,OFF,OFF,OFF,OFF
2025-08-25 10:01:19,289.4,72.2,24.6,283.9,30.1,6.3,OFF,ON,ON,ON,OFF,OFF,OFF,OFF
2025-08-25 10:01:17,293.7,73.4,24.7,281.7,30.3,6.4,OFF,OFF,OFF,ON,OFF,OFF,OFF,OFF
2025-08-25 10:01:15,292.4,72.8,24.4,272.8,30.6,6.4,ON,OFF,OFF,OFF,OFF,OFF,OFF,OFF
2025-08-25 10:01:13,300,71.1,24.3,278.5,30.6,6.3,ON,OFF,OFF,ON,OFF,OFF,OFF,OFF
2025-08-25 10:01:11,298.2,72.9,24.7,273.9,30.4,6.4,OFF,OFF,ON,OFF,OFF,OFF,OFF,OFF
2025-08-25 10:01:09,295.5,72.5,25.1,269.1,30.2,6.3,ON,ON,ON,OFF,OFF,OFF,OFF,OFF
2025-08-25 10:01:07,300,73.8,25.2,267.1,30.2,6.3,ON,ON,ON,ON,OFF,OFF,OFF,OFF
2025-08-25 10:01:05,298.9,72.6,25.3,271.3,30.4,6.3,OFF,ON,ON,ON,OFF,OFF,OFF,OFF
2025-08-25 10:01:03,297.2,73.7,25,261.7,30.2,6.3,OFF,ON,ON,OFF,OFF,OFF,OFF,OFF
2025-08-25 10:01:01,292.8,72.2,25.1,256.7,30.3,6.2,ON,ON,OFF,ON,OFF,OFF,OFF,OFF
2025-08-25 10:00:59,297.5,73.1,25.2,257.7,30.4,6.2,ON,ON,OFF,ON,OFF,OFF,OFF,OFF
2025-08-25 10:00:57,300,71.7,25.4,257.1,30.5,6.2,ON,ON,OFF,OFF,OFF,OFF,OFF,OFF
2025-08-25 10:00:55,300,71.9,25.6,249.4,30.6,6.2,ON,OFF,ON,OFF,OFF,OFF,OFF,OFF
2025-08-25 10:00:53,300,72.9,25.7,258.3,30.3,6.3,OFF,ON,ON,OFF,OFF,OFF,OFF,OFF
2025-08-25 10:00:51,299.9,74,25.9,257.4,30.3,6.3,OFF,ON,ON,ON,OFF,OFF,OFF,OFF
2025-08-25 10:00:49,298.8,73,25.9,262.9,30.2,6.3,OFF,ON,OFF,OFF,OFF,OFF,OFF,OFF
2025-08-25 10:00:47,295.4,72.9,25.7,264.8,30,6.3,OFF,OFF,OFF,OFF,OFF,OFF,OFF,OFF
2025-08-25 10:00:45,289.5,72.4,25.5,262,30,6.3,OFF,OFF,OFF,OFF,OFF,OFF,OFF,OFF
2025-08-25 10:00:43,289.6,72.6,25.2,262.6,29.9,6.3,OFF,OFF,OFF,ON,OFF,OFF,OFF,OFF
2025-08-25 10:00:41,286.1,74.1,25.1,262,29.7,6.3,OFF,OFF,OFF,OFF,OFF,OFF,OFF,OFF
2025-08-25 10:00:39,284.7,73.6,25,269,29.9,6.2,OFF,OFF,OFF,ON,OFF,OFF,OFF,OFF
2025-08-25 10:00:37,279,73.7,24.9,273.7,29.7,6.3,OFF,OFF,ON,OFF,OFF,OFF,OFF,OFF
2025-08-25 10:00:35,275,74.5,24.7,273.3,29.6,6.3,OFF,OFF,ON,OFF,OFF,OFF,OFF,OFF
2025-08-25 10:00:33,272,72.5,24.7,268.6,29.6,6.2,ON,OFF,OFF,ON,OFF,OFF,OFF,OFF
2025-08-25 10:00:31,277.6,72.6,24.6,266.3,29.3,6.3,OFF,OFF,OFF,OFF,OFF,OFF,OFF,OFF
2025-08-25 10:00:29,272.5,70.8,24.9,263.8,29.6,6.3,OFF,ON,OFF,OFF,OFF,OFF,OFF,OFF
2025-08-25 10:00:27,273.4,72.5,24.5,255.7,29.5,6.3,OFF,OFF,ON,OFF,OFF,OFF,OFF,OFF
2025-08-25 10:00:25,280.6,72.5,24.4,247.2,29.8,6.3,OFF,ON,OFF,OFF,OFF,OFF,OFF,OFF
2025-08-25 10:00:23,283.4,71.9,24.7,237.2,29.5,6.4,OFF,ON,OFF,ON,OFF,OFF,OFF,OFF
2025-08-25 10:00:21,283.7,73.2,24.8,244.2,29.7,6.3,OFF,ON,OFF,ON,OFF,OFF,OFF,OFF
2025-08-25 10:00:19,277.8,74.9,24.9,237.8,29.7,6.3,OFF,OFF,OFF,ON,OFF,OFF,OFF,OFF
2025-08-25 10:00:17,280.7,74.8,24.5,246.4,29.7,6.4,OFF,OFF,ON,ON,OFF,OFF,OFF,OFF
2025-08-25 10:00:15,282.9,75.9,24.5,254.2,29.7,6.4,ON,OFF,ON,ON,OFF,OFF,OFF,OFF
2025-08-25 10:00:13,277.3,75.7,24.3,263.4,29.7,6.4,ON,ON,ON,ON,OFF,OFF,OFF,OFF
2025-08-25 10:00:11,283.1,73.7,24.7,257.4,29.9,6.3,ON,OFF,ON,OFF,OFF,OFF,OFF,OFF
2025-08-25 10:00:09,288,74.3,24.3,260.9,30,6.4,OFF,ON,OFF,OFF,OFF,OFF,OFF,OFF
2025-08-25 10:00:07,285.3,75.9,24.2,267.7,30,6.4,OFF,OFF,ON,OFF,OFF,OFF,OFF,OFF
2025-08-25 10:00:05,279,76.9,23.9,274.4,29.8,6.4,ON,OFF,ON,ON,OFF,OFF,OFF,OFF
2025-08-25 10:00:03,275,75.7,23.6,283.3,29.9,6.4,ON,OFF,ON,ON,OFF,OFF,OFF,OFF
2025-08-25 10:00:01,269,75,24,289.6,29.9,6.4,OFF,OFF,OFF,OFF,OFF,OFF,OFF,OFF
2025-08-25 09:59:59,265.8,76.4,24.3,298.2,30,6.4,OFF,ON,OFF,OFF,OFF,OFF,OFF,OFF
2025-08-25 09:59:57,258.7,76.4,24.3,293.7,30,6.5,ON,ON,OFF,OFF,OFF,OFF,OFF,OFF
2025-08-25 09:59:55,266.4,77.1,24,288.2,30.2,6.5,ON,OFF,OFF,OFF,OFF,OFF,OFF,OFF
2025-08-25 09:59:53,266.9,78.8,24.1,289.5,30.3,6.5,OFF,OFF,OFF,OFF,OFF,OFF,OFF,OFF
2025-08-25 09:59:51,274.1,77.8,24.5,281,30.3,6.5,OFF,ON,OFF,OFF,OFF,OFF,OFF,OFF
2025-08-25 09:59:49,278.2,76.1,24.2,279.7,30.5,6.5,ON,OFF,OFF,OFF,OFF,OFF,OFF,OFF
2025-08-25 09:59:47,286.1,74.7,24.3,284.8,30.3,6.5,OFF,OFF,OFF,ON,OFF,OFF,OFF,OFF
2025-08-25 09:59:45,289.8,75.6,24.2,275.8,30.1,6.6,OFF,OFF,OFF,ON,OFF,OFF,OFF,OFF
2025-08-25 09:59:43,289.6,74.5,24,274.4,30.1,6.6,ON,OFF,OFF,ON,OFF,OFF,OFF,OFF
2025-08-25 09:59:41,293.8,74,24.1,270.2,30.1,6.5,ON,OFF,OFF,OFF,OFF,OFF,OFF,OFF
2025-08-25 09:59:39,286,73.2,24.2,273.6,30.3,6.5,OFF,ON,ON,OFF,OFF,OFF,OFF,OFF
2025-08-25 09:59:37,281.4,74.3,24.4,278.5,30.1,6.6,OFF,OFF,OFF,ON,OFF,OFF,OFF,OFF
2025-08-25 09:59:35,281.3,72.3,24.3,272.1,30.2,6.6,OFF,OFF,ON,ON,OFF,OFF,OFF,OFF
2025-08-25 09:59:33,280.8,72.5,24.5,273.9,30.2,6.6,OFF,ON,ON,ON,OFF,OFF,OFF,OFF
2025-08-25 09:59:31,286.7,72.7,24.7,280.7,30.4,6.6,OFF,ON,ON,ON,OFF,OFF,OFF,OFF
2025-08-25 09:59:29,291.3,72.9,24.4,277.3,30.4,6.6,ON,OFF,OFF,OFF,OFF,OFF,OFF,OFF
2025-08-25 09:59:27,285.3,73.6,24,282.9,30.7,6.5,OFF,ON,ON,OFF,OFF,OFF,OFF,OFF
2025-08-25 09:59:25,281.8,72.3,24.1,292.6,30.8,6.6,OFF,ON,ON,ON,OFF,OFF,OFF,OFF
2025-08-25 09:59:23,282.5,74.2,24.1,293,30.8,6.5,OFF,OFF,OFF,ON,OFF,OFF,OFF,OFF
2025-08-25 09:59:21,288.8,74.8,24,286.9,30.8,6.6,ON,OFF,ON,OFF,OFF,OFF,OFF,OFF
2025-08-25 09:59:19,289.5,74.5,24.1,287.7,30.7,6.5,OFF,ON,OFF,OFF,OFF,OFF,OFF,OFF
2025-08-25 09:59:17,290.5,75.8,24.4,281.1,31,6.6,ON,OFF,OFF,OFF,OFF,OFF,OFF,OFF
2025-08-25 09:59:15,293.8,77.3,24,282.9,30.7,6.6,ON,OFF,OFF,OFF,OFF,OFF,OFF,OFF
2025-08-25 09:59:13,300,78.6,23.8,282.4,30.7,6.6,ON,ON,OFF,ON,OFF,OFF,OFF,OFF
2025-08-25 09:59:11,298.4,77.2,24,278.6,30.6,6.6,OFF,ON,ON,ON,OFF,OFF,OFF,OFF
2025-08-25 09:59:09,291.4,78.4,24,276.9,30.9,6.6,ON,OFF,OFF,ON,OFF,OFF,OFF,OFF
2025-08-25 09:59:07,288.1,76.8,23.9,278.3,30.7,6.6,ON,OFF,OFF,OFF,OFF,OFF,OFF,OFF
2025-08-25 09:59:05,293.1,75.5,24.1,281.7,30.6,6.6,ON,OFF,ON,ON,OFF,OFF,OFF,OFF
2025-08-25 09:59:03,295,74.2,24.2,274.4,30.6,6.6,ON,OFF,ON,ON,OFF,OFF,OFF,OFF
2025-08-25 09:59:01,294.6,73.4,24.2,273.5,30.6,6.6,OFF,OFF,OFF,ON,OFF,OFF,OFF,OFF
2025-08-25 09:58:59,300,71.4,24.3,274,30.3,6.6,OFF,OFF,OFF,ON,OFF,OFF,OFF,OFF
2025-08-25 09:58:57,297.5,71.3,24.1,271.3,30.4,6.7,OFF,OFF,OFF,ON,OFF,OFF,OFF,OFF
2025-08-25 09:58:55,297.8,69.4,23.9,279.3,30.3,6.7,ON,ON,ON,ON,OFF,OFF,OFF,OFF
2025-08-25 09:58:53,295.6,69.6,23.8,271.7,30.4,6.7,ON,ON,ON,ON,OFF,OFF,OFF,OFF
2025-08-25 09:58:51,290,69.9,23.7,276.7,30.5,6.6,ON,ON,OFF,ON,OFF,OFF,OFF,OFF
2025-08-25 09:58:49,289.1,70.8,23.3,273,30.6,6.7,ON,OFF,OFF,OFF,OFF,OFF,OFF,OFF
2025-08-25 09:58:47,292.6,71,23.2,273.7,30.3,6.7,OFF,ON,OFF,ON,OFF,OFF,OFF,OFF
2025-08-25 09:58:45,300,70.6,23,271.2,30,6.7,OFF,OFF,OFF,ON,OFF,OFF,OFF,OFF
2025-08-25 09:58:43,300,68.9,22.9,273.6,30.2,6.7,OFF,OFF,ON,ON,OFF,OFF,OFF,OFF
2025-08-25 09:58:41,300,70.3,23.3,266.2,30.4,6.8,OFF,OFF,ON,ON,OFF,OFF,OFF,OFF
2025-08-25 09:58:39,297.7,70.1,22.9,263.6,30.3,6.7,OFF,OFF,ON,OFF,OFF,OFF,OFF,OFF
2025-08-25 09:58:37,300,71.4,23,254.7,30.6,6.8,OFF,ON,OFF,OFF,OFF,OFF,OFF,OFF
2025-08-25 09:58:35,300,70.3,22.7,262.7,30.6,6.8,OFF,ON,OFF,OFF,OFF,OFF,OFF,OFF
2025-08-25 09:58:33,300,69.3,22.9,262,30.3,6.8,OFF,ON,OFF,OFF,OFF,OFF,OFF,OFF
2025-08-25 09:58:31,297.1,69.8,22.8,263.4,30.1,6.8,OFF,ON,ON,ON,OFF,OFF,OFF,OFF
2025-08-25 09:58:29,292.5,68,22.9,267.3,30.1,6.9,OFF,ON,ON,ON,OFF,OFF,OFF,OFF
2025-08-25 09:58:27,300,68.6,22.7,269.3,29.9,6.9,OFF,ON,ON,ON,OFF,OFF,OFF,OFF
2025-08-25 09:58:25,294.9,67.2,22.9,261.8,29.7,6.9,OFF,ON,ON,ON,OFF,OFF,OFF,OFF
2025-08-25 09:58:23,288.6,67.8,22.9,264,29.4,6.9,OFF,OFF,ON,ON,OFF,OFF,OFF,OFF
2025-08-25 09:58:21,281.4,67.5,23.2,255.3,29.7,6.9,OFF,ON,ON,ON,OFF,OFF,OFF,OFF
2025-08-25 09:58:19,287.2,67.4,23.5,253.4,29.9,7,ON,OFF,ON,ON,OFF,OFF,OFF,OFF
2025-08-25 09:58:17,283.6,66.3,23.2,253.3,30.1,6.9,ON,ON,ON,ON,OFF,OFF,OFF,OFF
2025-08-25 09:58:15,287.7,64.9,23.5,248.2,30.3,7,ON,ON,OFF,ON,OFF,OFF,OFF,OFF
2025-08-25 09:58:13,294.1,66.2,23.5,251.3,30.1,7,ON,ON,OFF,ON,OFF,OFF,OFF,OFF
2025-08-25 09:58:11,293.1,65.3,23.8,257.4,29.9,7,ON,OFF,ON,ON,OFF,OFF,OFF,OFF
2025-08-25 09:58:09,290.5,64.7,23.8,253.3,29.9,7,ON,ON,ON,OFF,OFF,OFF,OFF,OFF
2025-08-25 09:58:07,297.5,66.7,23.6,260.1,30,7,ON,ON,OFF,OFF,OFF,OFF,OFF,OFF
2025-08-25 09:58:05,289.8,66.9,23.2,256.7,30.3,7.1,ON,ON,OFF,OFF,OFF,OFF,OFF,OFF
2025-08-25 09:58:03,287.5,65.2,23.6,260,30.4,7,ON,ON,ON,OFF,OFF,OFF,OFF,OFF
2025-08-25 09:58:01,287.5,66.2,23.9,251.9,30.6,7.1,ON,ON,OFF,ON,OFF,OFF,OFF,OFF
2025-08-25 09:57:59,290.2,64.9,23.8,254.4,30.5,7.1,ON,OFF,ON,ON,OFF,OFF,OFF,OFF
2025-08-25 09:57:57,284.3,66.2,23.8,256.2,30.3,7.1,ON,OFF,OFF,ON,OFF,OFF,OFF,OFF
2025-08-25 09:57:55,277.7,67.9,23.6,258.1,30.3,7.1,OFF,ON,OFF,ON,OFF,OFF,OFF,OFF
2025-08-25 09:57:53,279.1,66.4,23.7,253.3,30,7.1,OFF,OFF,ON,ON,OFF,OFF,OFF,OFF
2025-08-25 09:57:51,282.8,65.8,23.7,252.1,30.3,7,OFF,ON,ON,ON,OFF,OFF,OFF,OFF
2025-08-25 09:57:49,279.8,65.9,23.4,246.6,30.1,7,OFF,ON,ON,OFF,OFF,OFF,OFF,OFF
2025-08-25 09:57:47,274.2,66.9,23.5,238.6,30.1,7.1,OFF,ON,OFF,OFF,OFF,OFF,OFF,OFF
2025-08-25 09:57:45,279.5,68.3,23.5,238.1,30.3,7.1,OFF,OFF,OFF,ON,OFF,OFF,OFF,OFF
2025-08-25 09:57:43,286.3,70.3,23.8,235.8,30.1,7,OFF,OFF,OFF,OFF,OFF,OFF,OFF,OFF
2025-08-25 09:57:41,291.4,71.9,24.2,236.1,30.1,7,OFF,OFF,ON,ON,OFF,OFF,OFF,OFF
2025-08-25 09:57:39,298.3,70.7,24.4,229.4,30.2,7,OFF,ON,OFF,ON,OFF,OFF,OFF,OFF
2025-08-25 09:57:37,300,71.7,24.6,234.9,29.9,7,OFF,ON,OFF,ON,OFF,OFF,OFF,OFF
2025-08-25 09:57:35,300,71.8,24.7,238,29.8,7,OFF,ON,OFF,OFF,OFF,OFF,OFF,OFF
2025-08-25 09:57:33,300,70,25.1,233.1,29.7,7.1,OFF,ON,OFF,OFF,OFF,OFF,OFF,OFF
2025-08-25 09:57:31,299.1,69.7,24.7,240.1,29.5,7.1,OFF,OFF,OFF,OFF,OFF,OFF,OFF,OFF
2025-08-25 09:57:29,297.3,68.3,24.8,240,29.7,7.1,OFF,OFF,OFF,ON,OFF,OFF,OFF,OFF
2025-08-25 09:57:27,300,70,24.8,238.9,29.4,7.1,OFF,ON,OFF,ON,OFF,OFF,OFF,OFF
2025-08-25 09:57:25,300,68.2,24.5,245.5,29.6,7.2,OFF,OFF,OFF,ON,OFF,OFF,OFF,OFF
2025-08-25 09:57:23,300,68.3,24.9,235.6,29.4,7.1,OFF,ON,ON,ON,OFF,OFF,OFF,OFF
2025-08-25 09:57:21,297.9,66.9,25,227.1,29.4,7.1,OFF,ON,ON,ON,OFF,OFF,OFF,OFF
2025-08-25 09:57:19,300,67.7,25.1,232.9,29.6,7.1,OFF,ON,OFF,OFF,OFF,OFF,OFF,OFF
2025-08-25 09:57:17,300,67.9,25.4,223.5,29.4,7.1,OFF,ON,OFF,ON,OFF,OFF,OFF,OFF
2025-08-25 09:57:15,298,68.2,25.6,227.1,29.2,7.1,OFF,ON,OFF,ON,OFF,OFF,OFF,OFF
2025-08-25 09:57:13,297.7,67.8,25.5,222.3,29,7.1,OFF,ON,OFF,ON,OFF,OFF,OFF,OFF
2025-08-25 09:57:11,297.9,67.6,25.7,229.3,28.8,7.1,OFF,OFF,OFF,OFF,OFF,OFF,OFF,OFF
2025-08-25 09:57:09,299.8,68.5,25.8,227.1,28.7,7.1,OFF,OFF,ON,OFF,OFF,OFF,OFF,OFF
2025-08-25 09:57:07,300,66.7,25.9,220.1,28.6,7.1,OFF,ON,OFF,OFF,OFF,OFF,OFF,OFF
2025-08-25 09:57:05,300,65.8,26,215.1,28.4,7.1,OFF,OFF,ON,OFF,OFF,OFF,OFF,OFF
2025-08-25 09:57:03,294.3,67.7,26,220.7,28.4,7.1,OFF,ON,ON,ON,OFF,OFF,OFF,OFF
2025-08-25 09:57:01,292,66.1,25.6,214,28.5,7.2,OFF,ON,ON,ON,OFF,OFF,OFF,OFF
2025-08-25 09:56:59,298.8,65.8,25.3,206.1,28.2,7.2,ON,OFF,ON,ON,OFF,OFF,OFF,OFF
2025-08-25 09:56:57,296.4,65.5,25,208,28.3,7.2,ON,ON,OFF,OFF,OFF,OFF,OFF,OFF
2025-08-25 09:56:55,294.4,66.8,24.9,203.1,28.3,7.2,OFF,OFF,ON,OFF,OFF,OFF,OFF,OFF
2025-08-25 09:56:53,297.5,65,25,207.9,28.3,7.2,OFF,ON,ON,OFF,OFF,OFF,OFF,OFF
2025-08-25 09:56:51,295.8,63.2,25,207.7,28.1,7.2,ON,OFF,OFF,OFF,OFF,OFF,OFF,OFF
2025-08-25 09:56:49,299.1,64.9,25.1,198.8,28.1,7.1,OFF,OFF,OFF,ON,OFF,OFF,OFF,OFF
2025-08-25 09:56:47,296.7,66,25.3,191.6,27.9,7.1,ON,OFF,ON,OFF,OFF,OFF,OFF,OFF
2025-08-25 09:56:45,296.5,64.8,25.2,187.1,28.1,7.1,ON,OFF,ON,ON,OFF,OFF,OFF,OFF
2025-08-25 09:56:43,300,64.5,25.3,179,28.1,7.1,ON,OFF,ON,OFF,OFF,OFF,OFF,OFF
2025-08-25 09:56:41,299.4,63.1,25.2,182.1,28.4,7.1,ON,ON,OFF,OFF,OFF,OFF,OFF,OFF
2025-08-25 09:56:39,300,62.8,25.4,184.9,28.6,7,ON,ON,OFF,ON,OFF,OFF,OFF,OFF
2025-08-25 09:56:37,293.8,64,25.1,183.3,28.3,7,ON,ON,ON,ON,OFF,OFF,OFF,OFF
2025-08-25 09:56:35,289.9,63.3,24.9,180.4,28.1,7,OFF,OFF,ON,ON,OFF,OFF,OFF,OFF
2025-08-25 09:56:33,295.6,62,24.7,184.5,28.2,7,ON,OFF,ON,OFF,OFF,OFF,OFF,OFF
2025-08-25 09:56:31,299.3,62.4,25,193.8,28.5,6.9,ON,OFF,ON,OFF,OFF,OFF,OFF,OFF
2025-08-25 09:56:29,298.7,63.6,24.7,197,28.2,6.9,OFF,OFF,ON,ON,OFF,OFF,OFF,OFF
2025-08-25 09:56:27,295.7,62.1,24.6,194.2,28.3,6.9,OFF,ON,OFF,ON,OFF,OFF,OFF,OFF
2025-08-25 09:56:25,293.9,63.4,24.6,189.5,28.3,6.9,ON,ON,OFF,ON,OFF,OFF,OFF,OFF
2025-08-25 09:56:23,289.1,62.1,24.9,182.3,28.2,6.9,ON,ON,ON,OFF,OFF,OFF,OFF,OFF
2025-08-25 09:56:21,287.6,63.4,24.6,182.8,28.3,6.9,OFF,OFF,ON,OFF,OFF,OFF,OFF,OFF
2025-08-25 09:56:19,284.5,63.4,24.7,179.7,28.5,6.9,OFF,OFF,OFF,ON,OFF,OFF,OFF,OFF
2025-08-25 09:56:17,282.2,61.5,24.9,181.4,28.2,6.9,OFF,OFF,ON,OFF,OFF,OFF,OFF,OFF
2025-08-25 09:56:15,283.3,62.4,25.1,178.8,28.3,6.9,ON,OFF,ON,OFF,OFF,OFF,OFF,OFF
2025-08-25 09:56:13,282.2,61.8,25,184.2,28.4,6.9,ON,OFF,ON,OFF,OFF,OFF,OFF,OFF
2025-08-25 09:56:11,288.5,61,25.3,176.8,28.6,6.9,OFF,ON,ON,OFF,OFF,OFF,OFF,OFF
2025-08-25 09:56:09,284.6,62.8,25.5,179.6,28.7,6.9,OFF,OFF,ON,OFF,OFF,OFF,OFF,OFF
2025-08-25 09:56:07,280.9,63.1,25.7,173.7,28.6,6.9,OFF,OFF,OFF,OFF,OFF,OFF,OFF,OFF
2025-08-25 09:56:05,279.6,64,25.6,171,28.4,6.9,ON,OFF,OFF,OFF,OFF,OFF,OFF,OFF
2025-08-25 09:56:03,274.4,64.4,25.4,168.8,28.1,6.9,ON,OFF,ON,OFF,OFF,OFF,OFF,OFF
2025-08-25 09:56:01,273.1,64.4,25.5,165.2,28,6.9,ON,OFF,ON,ON,OFF,OFF,OFF,OFF
2025-08-25 09:55:59,276,65.1,25.6,163.8,28,6.9,OFF,OFF,OFF,ON,OFF,OFF,OFF,OFF
2025-08-25 09:55:57,273.1,63.8,25.9,165.7,28,6.8,OFF,OFF,OFF,OFF,OFF,OFF,OFF,OFF
2025-08-25 09:55:55,274.5,62.3,25.8,168,28.3,6.8,ON,OFF,ON,ON,OFF,OFF,OFF,OFF
2025-08-25 09:55:53,272.9,62.3,26,175.6,28.1,6.8,OFF,ON,ON,OFF,OFF,OFF,OFF,OFF
2025-08-25 09:55:51,273.1,61.3,25.6,182.1,28.4,6.8,OFF,ON,OFF,ON,OFF,OFF,OFF,OFF
2025-08-25 09:55:49,281.1,61.1,25.2,189.2,28.4,6.9,ON,OFF,OFF,ON,OFF,OFF,OFF,OFF
2025-08-25 09:55:47,279.2,59.3,25.6,194.2,28.5,6.9,OFF,OFF,ON,OFF,OFF,OFF,OFF,OFF
2025-08-25 09:55:45,279.6,58.5,25.9,186.2,28.6,6.9,ON,ON,ON,OFF,OFF,OFF,OFF,OFF
2025-08-25 09:55:43,279.9,59.5,26,191.7,28.8,6.9,OFF,ON,OFF,OFF,OFF,OFF,OFF,OFF
2025-08-25 09:55:41,275.8,59.7,26,197.1,28.7,6.9,OFF,ON,OFF,OFF,OFF,OFF,OFF,OFF
2025-08-25 09:55:39,272.8,60.5,26.1,201.3,28.7,6.8,OFF,ON,OFF,OFF,OFF,OFF,OFF,OFF
2025-08-25 09:55:37,277.6,61.7,26.5,194.5,28.7,6.9,ON,OFF,OFF,ON,OFF,OFF,OFF,OFF
2025-08-25 09:55:35,281.3,60.5,26.2,185.4,28.7,6.8,ON,ON,OFF,ON,OFF,OFF,OFF,OFF
2025-08-25 09:55:33,284.4,59.4,26.5,182.6,28.5,6.9,ON,ON,ON,ON,OFF,OFF,OFF,OFF
2025-08-25 09:55:31,291.6,57.9,26.7,175.1,28.6,6.9,OFF,ON,OFF,ON,OFF,OFF,OFF,OFF
2025-08-25 09:55:29,289.2,57.4,26.9,177.1,28.4,6.9,ON,OFF,ON,ON,OFF,OFF,OFF,OFF
2025-08-25 09:55:27,290.8,57.4,26.6,175,28.3,6.9,ON,OFF,ON,OFF,OFF,OFF,OFF,OFF
2025-08-25 09:55:25,296,59.2,26.7,171.4,28.2,7,OFF,ON,ON,OFF,OFF,OFF,OFF,OFF
2025-08-25 09:55:23,300,58.4,26.4,172.6,28.4,7,ON,ON,OFF,OFF,OFF,OFF,OFF,OFF
2025-08-25 09:55:21,300,59.2,26.4,167.5,28.2,7,OFF,ON,ON,OFF,OFF,OFF,OFF,OFF
2025-08-25 09:55:19,300,59.3,26.6,171.2,28.2,7.1,OFF,OFF,ON,ON,OFF,OFF,OFF,OFF
2025-08-25 09:55:17,299.7,61,26.9,172.2,28.5,7.1,OFF,OFF,ON,OFF,OFF,OFF,OFF,OFF
2025-08-25 09:55:15,292.9,60.6,27,163.2,28.5,7.1,ON,ON,OFF,ON,OFF,OFF,OFF,OFF
2025-08-25 09:55:13,293.8,62.5,26.7,171.9,28.6,7.1,ON,OFF,OFF,OFF,OFF,OFF,OFF,OFF
2025-08-25 09:55:11,300,64,27,171.4,28.8,7.1,ON,OFF,OFF,OFF,OFF,OFF,OFF,OFF
2025-08-25 09:55:09,298.4,62.7,27.1,177.3,28.9,7.1,ON,ON,OFF,ON,OFF,OFF,OFF,OFF
2025-08-25 09:55:07,298.3,62.3,27.1,186,29,7.1,ON,ON,OFF,ON,OFF,OFF,OFF,OFF
2025-08-25 09:55:05,295.7,61.7,26.9,187.5,29.3,7.1,ON,OFF,OFF,ON,OFF,OFF,OFF,OFF
2025-08-25 09:55:03,300,59.8,26.8,185.1,29.1,7,ON,ON,OFF,OFF,OFF,OFF,OFF,OFF
2025-08-25 09:55:01,297.8,59,27,193.1,29.3,7.1,ON,OFF,ON,OFF,OFF,OFF,OFF,OFF
2025-08-25 09:54:59,295.1,57.4,27.1,194.8,29.2,7.1,ON,OFF,ON,ON,OFF,OFF,OFF,OFF
2025-08-25 09:54:57,294.2,57.8,26.8,204.7,29,7.1,OFF,ON,ON,ON,OFF,OFF,OFF,OFF
2025-08-25 09:54:55,293.6,56.8,26.6,195.9,28.9,7.2,ON,ON,ON,ON,OFF,OFF,OFF,OFF
2025-08-25 09:54:53,289.6,58.3,26.6,192.1,29.2,7.2,OFF,ON,ON,ON,OFF,OFF,OFF,OFF
2025-08-25 09:54:51,286.4,59.9,26.9,200.7,29.1,7.2,OFF,ON,ON,ON,OFF,OFF,OFF,OFF
2025-08-25 09:54:49,293.6,58.4,27.3,196.4,28.8,7.3,ON,ON,ON,OFF,OFF,OFF,OFF,OFF
2025-08-25 09:54:47,293.4,58,27.2,197.3,28.7,7.3,ON,ON,ON,OFF,OFF,OFF,OFF,OFF
2025-08-25 09:54:45,298.6,56.7,27.2,200.5,29,7.2,ON,OFF,ON,OFF,OFF,OFF,OFF,OFF
2025-08-25 09:54:43,294.8,55.9,27.1,203.6,29,7.3,ON,ON,ON,ON,OFF,OFF,OFF,OFF
2025-08-25 09:54:41,293.6,55.6,27.2,197.2,29.1,7.3,ON,ON,ON,OFF,OFF,OFF,OFF,OFF
2025-08-25 09:54:39,300,54.1,27.3,199,29.1,7.3,OFF,ON,ON,OFF,OFF,OFF,OFF,OFF
2025-08-25 09:54:37,300,54.5,27.6,192,28.9,7.2,OFF,OFF,ON,OFF,OFF,OFF,OFF,OFF
2025-08-25 09:54:35,299.1,52.9,27.3,192.8,28.9,7.3,OFF,ON,ON,OFF,OFF,OFF,OFF,OFF
2025-08-25 09:54:33,291.5,53.2,27.2,197.6,29.1,7.3,ON,ON,ON,OFF,OFF,OFF,OFF,OFF
2025-08-25 09:54:31,289.5,52.2,27.3,198.8,29.1,7.3,OFF,OFF,ON,OFF,OFF,OFF,OFF,OFF
2025-08-25 09:54:29,293.9,53.7,27.7,202.9,29.3,7.2,ON,ON,ON,ON,OFF,OFF,OFF,OFF
2025-08-25 09:54:27,298.1,52.7,27.3,195.1,29.5,7.3,ON,ON,ON,OFF,OFF,OFF,OFF,OFF
2025-08-25 09:54:25,290.7,51.3,27,185.7,29.4,7.3,OFF,OFF,ON,ON,OFF,OFF,OFF,OFF
2025-08-25 09:54:23,286.9,49.4,26.9,187,29.7,7.3,OFF,OFF,ON,ON,OFF,OFF,OFF,OFF
2025-08-25 09:54:21,294.5,48.1,26.8,189.7,29.6,7.3,ON,OFF,OFF,ON,OFF,OFF,OFF,OFF
2025-08-25 09:54:19,296.7,48.5,27.1,191.1,29.4,7.3,ON,OFF,OFF,ON,OFF,OFF,OFF,OFF
2025-08-25 09:54:17,294.9,46.6,27,193.1,29.1,7.3,ON,ON,OFF,ON,OFF,OFF,OFF,OFF
2025-08-25 09:54:15,290.9,45.7,27.2,196.5,29.1,7.3,ON,OFF,ON,ON,OFF,OFF,OFF,OFF
2025-08-25 09:54:13,290.1,45.8,27.5,201.2,29.1,7.3,ON,OFF,OFF,OFF,OFF,OFF,OFF,OFF
2025-08-25 09:54:11,293.2,46.2,27.1,209.2,28.8,7.3,OFF,ON,ON,OFF,OFF,OFF,OFF,OFF
2025-08-25 09:54:09,293.4,46.3,26.8,216.1,28.7,7.4,ON,ON,OFF,ON,OFF,OFF,OFF,OFF
2025-08-25 09:54:07,300,47,26.8,210.9,28.5,7.3,ON,ON,ON,ON,OFF,OFF,OFF,OFF
2025-08-25 09:54:05,300,47.2,26.6,212.1,28.8,7.3,OFF,ON,ON,ON,OFF,OFF,OFF,OFF
2025-08-25 09:54:03,299.7,47.4,26.7,214.5,28.9,7.4,ON,ON,OFF,ON,OFF,OFF,OFF,OFF
2025-08-25 09:54:01,295.9,45.5,26.9,217.6,28.9,7.4,ON,ON,OFF,ON,OFF,OFF,OFF,OFF
2025-08-25 09:53:59,300,44,27.1,227.3,28.9,7.4,ON,OFF,ON,OFF,OFF,OFF,OFF,OFF
2025-08-25 09:53:57,300,45.7,26.7,226,28.9,7.4,OFF,OFF,OFF,OFF,OFF,OFF,OFF,OFF
2025-08-25 09:53:55,300,45.9,26.9,234.9,29.2,7.5,ON,OFF,ON,OFF,OFF,OFF,OFF,OFF
2025-08-25 09:53:53,300,47.4,27.1,231.1,29.3,7.5,ON,OFF,ON,OFF,OFF,OFF,OFF,OFF
2025-08-25 09:53:51,300,49.4,27.2,230.5,29.5,7.4,ON,ON,OFF,OFF,OFF,OFF,OFF,OFF
2025-08-25 09:53:49,293.1,51.3,27.1,221.5,29.4,7.5,OFF,ON,ON,ON,OFF,OFF,OFF,OFF
2025-08-25 09:53:47,293.2,51.9,27.3,226.1,29.2,7.5,OFF,OFF,ON,ON,OFF,OFF,OFF,OFF
2025-08-25 09:53:45,290.4,53.8,27.5,216.5,29,7.5,OFF,ON,OFF,OFF,OFF,OFF,OFF,OFF
2025-08-25 09:53:43,286.3,54.1,27.2,222.7,29.1,7.6,ON,OFF,OFF,ON,OFF,OFF,OFF,OFF
2025-08-25 09:53:41,284.6,54.6,27.2,216.7,29.1,7.6,ON,OFF,OFF,OFF,OFF,OFF,OFF,OFF
2025-08-25 09:53:39,292.2,54,27.3,216.5,29.1,7.6,OFF,OFF,ON,ON,OFF,OFF,OFF,OFF
2025-08-25 09:53:37,286.9,52.7,27.5,223.5,29.3,7.6,OFF,OFF,ON,ON,OFF,OFF,OFF,OFF
2025-08-25 09:53:35,284,54.6,27.1,228.4,29.2,7.6,OFF,OFF,ON,OFF,OFF,OFF,OFF,OFF
2025-08-25 09:53:33,288.5,56.4,27.2,223,29.4,7.6,OFF,OFF,ON,OFF,OFF,OFF,OFF,OFF
2025-08-25 09:53:31,287.2,54.8,26.8,221.6,29.3,7.6,ON,OFF,OFF,OFF,OFF,OFF,OFF,OFF
2025-08-25 09:53:29,292.4,55.1,26.7,214.8,29.5,7.5,ON,OFF,OFF,ON,OFF,OFF,OFF,OFF
2025-08-25 09:53:27,296.1,56.5,26.6,216.4,29.8,7.5,ON,ON,OFF,ON,OFF,OFF,OFF,OFF
2025-08-25 09:53:25,299.2,56.3,26.6,212.3,29.5,7.5,ON,ON,OFF,ON,OFF,OFF,OFF,OFF
2025-08-25 09:53:23,293.2,58.3,26.4,215.2,29.4,7.5,ON,ON,OFF,OFF,OFF,OFF,OFF,OFF
2025-08-25 09:53:21,294,57.3,26.4,216.3,29.6,7.5,ON,OFF,OFF,OFF,OFF,OFF,OFF,OFF
2025-08-25 09:53:19,300,56.2,26.5,211.4,29.8,7.5,ON,ON,OFF,OFF,OFF,OFF,OFF,OFF
2025-08-25 09:53:17,300,54.8,26.1,202.5,29.7,7.5,ON,OFF,ON,OFF,OFF,OFF,OFF,OFF
2025-08-25 09:53:15,298.5,56.5,26.1,203.3,29.8,7.5,ON,OFF,ON,OFF,OFF,OFF,OFF,OFF
2025-08-25 09:53:13,291.3,55.4,26.4,212.6,29.9,7.5,ON,ON,ON,OFF,OFF,OFF,OFF,OFF
2025-08-25 09:53:11,288.8,55.9,26.7,211.6,29.8,7.5,ON,OFF,ON,ON,OFF,OFF,OFF,OFF
2025-08-25 09:53:09,296.4,55.2,26.3,208.1,30,7.5,OFF,OFF,OFF,OFF,OFF,OFF,OFF,OFF
2025-08-25 09:53:07,292.1,55.6,26.3,201.6,30.3,7.5,OFF,OFF,ON,OFF,OFF,OFF,OFF,OFF
2025-08-25 09:53:05,300,55.6,26.2,202.1,30.4,7.5,OFF,ON,OFF,OFF,OFF,OFF,OFF,OFF
2025-08-25 09:53:03,300,56.3,26.1,211.9,30.6,7.5,OFF,ON,ON,ON,OFF,OFF,OFF,OFF
2025-08-25 09:53:01,300,56.6,25.8,217.1,30.7,7.4,OFF,OFF,ON,ON,OFF,OFF,OFF,OFF
2025-08-25 09:52:59,300,54.9,25.8,214,30.5,7.4,OFF,ON,ON,OFF,OFF,OFF,OFF,OFF
2025-08-25 09:52:57,300,55.3,26.1,204.1,30.2,7.5,ON,ON,ON,OFF,OFF,OFF,OFF,OFF
2025-08-25 09:52:55,297.3,57.2,26.5,210.8,30.4,7.4,ON,ON,ON,OFF,OFF,OFF,OFF,OFF
2025-08-25 09:52:53,292.2,55.6,26.3,205.1,30.6,7.4,OFF,OFF,OFF,OFF,OFF,OFF,OFF,OFF
2025-08-25 09:52:51,291.4,54.9,26.6,198.5,30.5,7.4,OFF,OFF,ON,OFF,OFF,OFF,OFF,OFF
2025-08-25 09:52:49,283.9,55.5,26.7,196.1,30.5,7.5,OFF,OFF,ON,ON,OFF,OFF,OFF,OFF
2025-08-25 09:52:47,281.4,54.7,26.4,192.5,30.8,7.5,OFF,OFF,ON,ON,OFF,OFF,OFF,OFF
2025-08-25 09:52:45,283.2,55.3,26.2,190.8,31.1,7.5,OFF,ON,ON,OFF,OFF,OFF,OFF,OFF
2025-08-25 09:52:43,290.6,56.5,26.6,182.3,31.1,7.5,OFF,ON,OFF,ON,OFF,OFF,OFF,OFF
2025-08-25 09:52:41,289.3,54.5,26.9,173.4,30.8,7.5,ON,OFF,OFF,OFF,OFF,OFF,OFF,OFF
2025-08-25 09:52:39,284.6,53.2,26.7,171.8,30.7,7.5,OFF,OFF,OFF,OFF,OFF,OFF,OFF,OFF
2025-08-25 09:52:37,291.8,53.1,27,168,31,7.5,ON,ON,OFF,OFF,OFF,OFF,OFF,OFF
2025-08-25 09:52:35,286,52.5,27.1,172.6,31.1,7.5,ON,ON,OFF,OFF,OFF,OFF,OFF,OFF
2025-08-25 09:52:33,282.4,52.5,26.8,174.4,31,7.6,OFF,ON,OFF,OFF,OFF,OFF,OFF,OFF
2025-08-25 09:52:31,276.6,51.3,26.8,173.2,30.8,7.6,OFF,ON,OFF,ON,OFF,OFF,OFF,OFF
2025-08-25 09:52:29,283.7,51,27.1,166.5,30.6,7.6,ON,OFF,ON,ON,OFF,OFF,OFF,OFF
2025-08-25 09:52:27,285.6,52.4,27.1,167.3,30.4,7.6,ON,OFF,ON,OFF,OFF,OFF,OFF,OFF
2025-08-25 09:52:25,283.2,52.2,27,169.4,30.5,7.5,OFF,OFF,ON,ON,OFF,OFF,OFF,OFF
2025-08-25 09:52:23,277.1,52.1,26.6,168.8,30.7,7.6,OFF,ON,ON,OFF,OFF,OFF,OFF,OFF
2025-08-25 09:52:21,274.9,53.7,27,164.5,30.7,7.5,OFF,ON,ON,ON,OFF,OFF,OFF,OFF
2025-08-25 09:52:19,269.6,55.5,27.2,158.1,30.5,7.5,ON,ON,ON,OFF,OFF,OFF,OFF,OFF
2025-08-25 09:52:17,266.8,53.6,27,150.6,30.7,7.5,ON,ON,ON,ON,OFF,OFF,OFF,OFF
2025-08-25 09:52:15,262.9,55.5,27,141.9,30.8,7.5,OFF,OFF,OFF,ON,OFF,OFF,OFF,OFF
